통계표,항목명1,항목명2,단위,변환,2004/01,2004/02,2004/03,2004/04,2004/05,2004/06,2004/07,2004/08,2004/09,2004/10,2004/11,2004/12,2005/01,2005/02,2005/03,2005/04,2005/05,2005/06,2005/07,2005/08,2005/09,2005/10,2005/11,2005/12,2006/01,2006/02,2006/03,2006/04,2006/05,2006/06,2006/07,2006/08,2006/09,2006/10,2006/11,2006/12,2007/01,2007/02,2007/03,2007/04,2007/05,2007/06,2007/07,2007/08,2007/09,2007/10,2007/11,2007/12,2008/01,2008/02,2008/03,2008/04,2008/05,2008/06,2008/07,2008/08,2008/09,2008/10,2008/11,2008/12,2009/01,2009/02,2009/03,2009/04,2009/05,2009/06,2009/07,2009/08,2009/09,2009/10,2009/11,2009/12,2010/01,2010/02,2010/03,2010/04,2010/05,2010/06,2010/07,2010/08,2010/09,2010/10,2010/11,2010/12,2011/01,2011/02,2011/03,2011/04,2011/05,2011/06,2011/07,2011/08,2011/09,2011/10,2011/11,2011/12,2012/01,2012/02,2012/03,2012/04,2012/05,2012/06,2012/07,2012/08,2012/09,2012/10,2012/11,2012/12,2013/01,2013/02,2013/03,2013/04,2013/05,2013/06,2013/07,2013/08,2013/09,2013/10,2013/11,2013/12,2014/01,2014/02,2014/03,2014/04,2014/05,2014/06,2014/07,2014/08,2014/09,2014/10,2014/11,2014/12,2015/01,2015/02,2015/03,2015/04,2015/05,2015/06,2015/07,2015/08,2015/09,2015/10,2015/11,2015/12,2016/01,2016/02,2016/03,2016/04,2016/05,2016/06,2016/07,2016/08,2016/09,2016/10,2016/11,2016/12,2017/01,2017/02,2017/03,2017/04,2017/05,2017/06,2017/07,2017/08,2017/09,2017/10,2017/11,2017/12
7.7.5 유형별 주택전세가격지수,종합,전국,2017.11=100,원자료,62.0,62.1,62.2,62.3,62.1,61.6,61.1,60.5,60.1,59.8,59.3,58.7,58.4,58.5,58.8,59.1,59.1,59.3,59.3,59.4,59.9,60.3,60.5,60.6,60.8,61.0,61.5,61.8,62.1,62.2,62.2,62.3,62.9,63.6,64.2,64.6,65.0,65.3,65.6,65.9,66.0,66.1,66.2,66.3,66.6,66.8,67.0,67.1,67.3,67.5,68.0,68.6,68.9,69.3,69.6,69.8,70.2,70.4,70.1,69.2,68.6,68.4,68.4,68.6,68.7,68.9,69.1,69.4,70.4,70.9,71.3,71.4,71.6,72.1,72.5,72.9,73.3,73.5,73.7,73.9,74.4,75.0,75.7,76.2,76.8,78.0,79.3,80.7,80.8,81.3,81.9,82.8,83.9,84.7,85.1,85.2,85.5,85.6,85.6,85.7,85.7,85.7,85.6,85.5,85.7,86.0,86.2,86.4,86.6,86.7,87.1,87.5,87.7,87.9,88.2,88.5,89.0,89.6,90.1,90.4,91.0,91.4,91.8,92.0,92.0,92.1,92.2,92.4,92.7,93.0,93.3,93.5,93.8,94.1,94.5,95.1,95.5,96.0,96.3,96.6,97.0,97.4,97.8,98.1,98.2,98.3,98.4,98.5,98.6,98.7,98.8,98.9,99.0,99.1,99.3,99.3,99.4,99.4,99.5,99.6,99.6,99.7,99.8,99.8,99.9,100.0,100.0,100.0
7.7.5 유형별 주택전세가격지수,종합,수도권,2017.11=100,원자료,56.6,56.7,56.9,56.9,56.6,56.0,55.4,54.7,54.2,53.8,53.1,52.5,52.1,52.2,52.5,52.8,52.9,53.0,53.1,53.3,53.9,54.4,54.6,54.7,54.9,55.2,55.9,56.3,56.7,56.8,56.9,57.2,57.9,58.8,59.8,60.4,60.9,61.3,61.8,62.3,62.4,62.5,62.7,62.9,63.3,63.6,63.7,63.8,64.0,64.3,65.0,65.7,66.1,66.7,67.0,67.3,67.8,67.9,67.5,66.1,65.2,65.0,65.1,65.2,65.5,65.7,66.0,66.5,67.8,68.4,68.7,68.7,68.9,69.2,69.7,70.1,70.3,70.5,70.6,70.7,71.2,71.9,72.6,73.0,73.5,74.8,76.1,77.0,77.0,77.4,78.0,78.9,80.1,80.8,80.9,80.8,80.8,80.9,80.9,80.8,80.6,80.5,80.2,80.1,80.4,80.8,81.0,81.1,81.2,81.4,81.8,82.2,82.4,82.6,82.9,83.5,84.2,85.0,85.6,86.1,86.8,87.5,88.1,88.2,88.2,88.3,88.5,88.7,89.1,89.5,89.9,90.2,90.5,91.0,91.6,92.4,93.0,93.7,94.2,94.6,95.1,95.7,96.3,96.6,96.8,97.0,97.1,97.3,97.5,97.7,97.9,98.0,98.1,98.3,98.5,98.6,98.6,98.7,98.8,98.9,99.1,99.3,99.4,99.6,99.8,99.9,100.0,100.0
7.7.5 유형별 주택전세가격지수,종합,지방,2017.11=100,원자료,68.0,68.1,68.3,68.4,68.4,67.9,67.5,67.1,66.9,66.8,66.5,66.1,65.9,66.0,66.3,66.5,66.6,66.6,66.7,66.7,67.0,67.3,67.3,67.4,67.6,67.7,67.9,68.0,68.2,68.2,68.1,68.1,68.3,68.6,68.9,69.0,69.1,69.3,69.4,69.5,69.6,69.6,69.6,69.7,69.8,70.0,70.1,70.2,70.4,70.5,70.8,71.2,71.3,71.6,71.8,71.9,72.2,72.3,72.4,72.1,71.8,71.7,71.6,71.7,71.8,71.9,72.0,72.1,72.7,73.0,73.4,73.7,74.0,74.5,74.9,75.4,75.8,76.2,76.5,76.8,77.2,77.7,78.5,79.2,79.8,80.9,82.2,84.0,84.3,85.0,85.7,86.5,87.5,88.3,89.1,89.4,90.0,90.1,90.3,90.5,90.7,90.8,90.7,90.8,90.9,91.1,91.3,91.6,91.8,91.9,92.2,92.6,92.9,93.1,93.3,93.5,93.7,94.0,94.3,94.6,95.0,95.2,95.4,95.6,95.7,95.7,95.8,95.9,96.1,96.3,96.5,96.7,96.8,97.0,97.3,97.6,97.8,98.1,98.3,98.5,98.7,99.0,99.2,99.4,99.4,99.5,99.6,99.7,99.7,99.7,99.7,99.7,99.7,99.8,99.9,100.0,100.0,100.1,100.1,100.1,100.1,100.1,100.1,100.0,100.0,100.0,100.0,100.0
7.7.5 유형별 주택전세가격지수,종합,5대광역시,2017.11=100,원자료,66.1,66.1,66.3,66.4,66.3,65.8,65.3,64.8,64.7,64.7,64.3,63.9,63.7,63.8,63.9,64.1,64.2,64.2,64.2,64.2,64.5,64.8,64.9,65.0,65.2,65.3,65.5,65.6,65.7,65.7,65.5,65.5,65.8,66.1,66.4,66.6,66.7,66.8,66.9,67.0,67.0,67.0,67.0,67.0,67.1,67.2,67.3,67.4,67.5,67.6,67.9,68.1,68.2,68.4,68.5,68.6,68.7,68.9,68.8,68.5,68.3,68.1,68.0,68.1,68.2,68.2,68.4,68.5,69.2,69.6,70.0,70.4,70.7,71.4,71.8,72.4,72.8,73.2,73.5,73.9,74.2,74.8,75.6,76.3,77.0,78.1,79.4,81.3,81.6,82.4,83.1,83.9,84.8,85.5,86.3,86.6,87.1,87.1,87.4,87.6,87.8,87.8,87.7,87.5,87.6,87.9,88.1,88.4,88.6,88.8,89.1,89.6,89.9,90.3,90.6,90.8,91.0,91.4,91.7,92.1,92.4,92.7,93.0,93.2,93.3,93.4,93.5,93.6,93.8,94.0,94.3,94.5,94.7,94.9,95.3,95.8,96.1,96.6,96.9,97.1,97.4,97.8,98.2,98.4,98.5,98.6,98.7,98.8,98.8,98.9,98.9,98.9,99.0,99.2,99.3,99.4,99.5,99.6,99.6,99.7,99.8,99.8,99.8,99.9,99.9,100.0,100.0,100.0
7.7.5 유형별 주택전세가격지수,종합,8개도,2017.11=100,원자료,69.1,69.3,69.4,69.5,69.6,69.1,68.9,68.6,68.3,68.1,67.9,67.5,67.4,67.5,67.9,68.2,68.3,68.4,68.4,68.5,68.7,69.0,69.0,69.0,69.2,69.4,69.7,69.8,69.9,69.9,70.0,70.0,70.2,70.4,70.6,70.7,70.8,71.0,71.2,71.3,71.4,71.5,71.6,71.6,71.8,72.0,72.2,72.4,72.5,72.7,73.1,73.6,73.8,74.2,74.4,74.7,75.1,75.3,75.4,75.2,74.8,74.7,74.8,74.8,75.0,75.0,75.1,75.2,75.6,75.8,76.2,76.5,76.6,76.9,77.3,77.7,78.1,78.5,78.8,79.0,79.4,79.9,80.6,81.2,81.7,82.7,84.0,85.7,86.0,86.6,87.3,88.2,89.2,90.0,90.8,91.2,91.9,92.1,92.2,92.4,92.6,92.7,92.7,92.8,93.0,93.2,93.3,93.6,93.7,93.9,94.1,94.5,94.7,94.9,95.0,95.1,95.3,95.7,95.9,96.2,96.5,96.7,96.9,97.0,97.1,97.2,97.2,97.3,97.5,97.7,97.8,98.0,98.2,98.3,98.5,98.7,98.9,99.0,99.1,99.3,99.5,99.6,99.8,99.9,100.0,100.1,100.1,100.2,100.2,100.2,100.1,100.1,100.1,100.2,100.2,100.3,100.3,100.3,100.3,100.3,100.3,100.3,100.2,100.2,100.1,100.1,100.0,99.9
7.7.5 유형별 주택전세가격지수,종합,서울,2017.11=100,원자료,57.6,57.6,57.7,57.7,57.4,56.7,56.1,55.5,55.0,54.6,54.0,53.4,53.0,53.0,53.1,53.1,53.1,53.0,53.0,53.1,53.7,54.2,54.4,54.5,54.8,55.2,55.9,56.4,56.7,56.9,57.0,57.2,57.9,58.8,59.7,60.1,60.5,60.8,61.3,61.7,61.9,62.0,62.2,62.4,62.9,63.2,63.4,63.5,63.8,64.2,64.9,65.7,66.1,66.6,66.9,67.1,67.4,67.5,66.9,65.4,64.5,64.5,64.7,64.9,65.1,65.4,65.8,66.3,67.8,68.5,69.0,69.1,69.4,69.9,70.4,70.8,71.0,71.1,71.1,71.3,71.8,72.4,73.0,73.4,74.1,75.3,76.3,76.9,76.9,77.3,77.9,79.0,80.2,80.9,81.1,81.0,80.9,81.0,81.0,80.8,80.5,80.3,80.0,79.9,80.3,80.8,81.2,81.4,81.6,82.0,82.4,82.7,82.8,82.9,83.4,84.0,84.8,85.7,86.3,86.7,87.4,88.0,88.4,88.5,88.5,88.5,88.6,88.7,89.0,89.3,89.6,89.8,90.0,90.5,91.0,91.7,92.3,92.9,93.4,93.9,94.5,95.1,95.8,96.3,96.5,96.7,96.8,96.9,97.0,97.2,97.4,97.5,97.7,97.8,98.1,98.2,98.2,98.3,98.4,98.6,98.8,99.1,99.3,99.5,99.6,99.8,100.0,100.2
7.7.5 유형별 주택전세가격지수,종합,경기,2017.11=100,원자료,54.6,54.8,55.0,55.1,54.9,54.4,53.8,52.9,52.5,52.1,51.4,50.8,50.4,50.7,51.2,51.7,51.9,52.4,52.5,52.9,53.7,54.2,54.5,54.5,54.6,54.9,55.5,56.0,56.4,56.5,56.6,56.8,57.7,58.8,60.0,60.6,61.3,61.8,62.3,62.8,62.8,62.8,62.9,63.0,63.4,63.7,63.8,63.9,63.9,64.2,64.8,65.5,65.8,66.3,66.6,66.7,67.0,67.0,66.5,65.1,64.0,63.6,63.7,63.9,64.1,64.3,64.6,65.0,66.3,66.8,67.0,67.0,67.0,67.3,67.8,68.2,68.4,68.6,68.6,68.8,69.3,70.1,70.9,71.3,71.9,73.4,75.2,76.5,76.5,76.9,77.6,78.6,79.9,80.7,80.7,80.5,80.7,80.8,80.7,80.7,80.5,80.4,80.2,80.0,80.2,80.5,80.6,80.7,80.8,80.9,81.2,81.7,82.0,82.2,82.4,82.9,83.6,84.4,85.0,85.5,86.2,87.0,87.7,87.8,87.8,87.9,88.2,88.5,89.0,89.5,89.9,90.3,90.7,91.2,91.9,92.7,93.4,94.1,94.6,95.0,95.6,96.2,96.7,97.0,97.1,97.3,97.4,97.7,97.9,98.1,98.3,98.4,98.5,98.7,98.9,99.0,99.0,99.0,99.1,99.2,99.4,99.5,99.6,99.7,99.8,99.9,100.0,99.9
7.7.5 유형별 주택전세가격지수,종합,인천,2017.11=100,원자료,60.6,60.6,60.7,60.6,60.3,59.9,59.4,58.7,58.0,57.3,56.5,55.8,55.3,55.1,55.5,55.7,55.6,55.4,55.3,55.3,55.5,55.6,55.6,55.7,56.1,56.4,56.9,57.4,57.6,57.9,58.0,58.1,58.7,59.3,60.0,60.6,61.2,61.6,62.0,62.7,63.3,63.6,63.7,63.8,64.1,64.4,64.7,64.7,64.7,64.9,65.7,66.3,67.3,68.3,69.1,70.2,71.9,72.8,72.9,72.5,72.0,71.7,71.5,71.4,71.6,71.8,71.9,72.2,73.0,73.5,73.9,73.9,74.0,74.2,74.5,74.8,75.2,75.5,75.7,75.9,76.4,76.9,77.5,77.6,77.6,78.3,79.0,79.5,79.6,79.6,79.7,79.9,80.4,80.8,81.0,80.9,80.9,80.9,81.0,81.1,81.2,81.2,81.1,81.2,81.5,81.6,81.8,81.7,81.7,81.8,82.2,82.6,82.8,83.1,83.4,83.9,84.5,85.4,86.2,86.7,87.3,87.9,88.8,89.0,89.1,89.3,89.4,89.7,90.0,90.4,90.7,90.9,91.3,91.6,92.2,92.9,93.5,94.2,94.6,95.0,95.4,95.8,96.1,96.4,96.5,96.6,96.8,97.0,97.2,97.5,97.7,98.0,98.1,98.3,98.4,98.5,98.6,98.6,98.7,98.8,98.9,99.1,99.2,99.5,99.7,99.9,100.0,99.9
7.7.5 유형별 주택전세가격지수,종합,부산,2017.11=100,원자료,68.8,68.8,69.0,69.0,68.8,68.2,67.4,66.9,66.7,66.4,65.8,64.9,64.4,64.2,64.0,63.9,63.7,63.3,63.1,63.0,63.0,63.2,63.3,63.3,63.2,63.1,63.2,63.1,63.0,62.8,62.5,62.5,62.7,62.9,63.1,63.1,63.2,63.2,63.4,63.6,63.6,63.7,63.7,63.7,63.9,64.0,64.2,64.4,64.6,64.7,65.0,65.4,65.4,65.6,65.7,65.8,66.1,66.3,66.4,66.5,66.5,66.6,66.8,67.0,67.2,67.3,67.4,67.7,68.4,68.8,69.4,69.9,70.1,70.7,71.5,72.4,73.2,73.8,74.4,75.0,75.5,76.5,77.7,78.8,79.8,81.1,82.7,85.3,85.7,86.5,87.4,88.1,89.0,89.7,90.6,90.9,91.0,90.8,90.9,91.0,91.1,91.0,90.9,90.7,90.6,90.7,90.8,90.9,90.9,91.0,91.2,91.3,91.4,91.4,91.3,91.3,91.4,91.6,91.8,91.9,92.0,92.2,92.3,92.5,92.6,92.7,92.8,92.8,92.9,93.1,93.3,93.4,93.5,93.7,94.0,94.3,94.5,94.8,95.0,95.2,95.4,95.7,96.1,96.4,96.6,96.8,97.0,97.1,97.3,97.5,97.6,97.9,98.2,98.6,99.0,99.2,99.4,99.4,99.5,99.7,99.9,100.0,100.1,100.1,100.0,100.0,100.0,100.0
7.7.5 유형별 주택전세가격지수,종합,대구,2017.11=100,원자료,65.1,65.0,65.0,65.0,64.9,64.1,63.4,63.0,62.9,62.8,62.6,62.5,62.7,63.0,63.6,64.2,64.6,64.9,65.2,65.3,66.1,66.8,67.2,67.6,68.0,68.4,68.9,69.2,69.3,69.2,69.0,68.7,68.9,69.0,69.1,69.3,69.3,69.2,69.2,69.0,68.8,68.4,68.2,68.1,68.1,68.2,68.2,68.3,68.2,68.1,68.1,68.1,68.0,68.0,68.0,67.9,67.8,67.7,67.3,66.3,65.5,64.7,64.4,64.1,64.1,64.0,64.1,64.3,64.7,65.0,65.2,65.4,65.5,65.8,66.0,66.3,66.4,66.5,66.6,66.8,67.1,67.5,68.0,68.4,68.7,69.5,70.4,71.3,71.6,72.1,72.5,73.2,74.0,74.6,75.6,76.1,77.3,77.7,78.1,78.5,78.8,78.9,79.0,79.2,79.5,79.7,80.1,80.7,81.3,81.5,81.8,82.9,83.8,84.7,85.7,86.3,86.9,87.7,88.5,89.6,90.6,91.2,91.6,92.1,92.5,92.7,92.9,93.2,93.6,94.0,94.5,95.0,95.5,95.8,96.4,97.2,98.0,98.8,99.4,99.9,100.6,101.2,101.6,101.6,101.5,101.4,101.2,101.0,100.9,100.6,100.4,100.2,100.1,100.1,100.0,100.0,99.9,99.9,99.9,99.8,99.8,99.8,99.8,99.8,99.9,99.9,100.0,100.0
7.7.5 유형별 주택전세가격지수,종합,광주,2017.11=100,원자료,64.3,64.2,64.7,64.9,64.8,64.5,64.5,64.5,64.8,65.4,65.4,65.6,65.5,65.8,66.2,66.3,66.5,66.8,66.9,67.1,67.3,67.5,67.7,67.9,68.1,68.4,68.7,68.8,68.9,69.1,69.2,69.3,69.7,69.8,70.0,70.1,70.0,70.1,70.2,70.3,70.3,70.5,70.6,70.6,70.7,70.7,70.8,70.8,70.9,71.0,71.1,71.6,71.9,72.3,72.5,72.6,72.7,72.9,72.7,72.6,72.3,72.2,72.0,72.0,72.0,71.9,71.8,71.7,71.7,71.7,71.7,71.7,71.8,71.9,71.6,71.6,71.6,71.6,71.7,71.7,71.7,71.8,72.1,72.5,72.8,73.7,75.2,77.3,77.8,79.0,80.1,81.1,82.6,83.4,84.2,84.4,85.7,85.7,86.5,86.8,87.5,88.1,88.3,88.3,88.4,88.5,88.6,88.8,89.0,89.1,89.2,89.6,89.8,90.0,90.0,90.1,90.2,90.3,90.5,90.6,90.6,90.9,91.1,91.2,91.2,91.3,91.3,91.4,91.6,91.8,91.9,92.2,92.4,92.7,93.2,94.2,94.8,95.5,96.0,96.4,96.7,97.2,97.8,98.0,98.1,98.3,98.4,98.6,98.8,98.8,98.7,98.7,98.6,98.7,98.8,98.9,99.0,99.0,99.1,99.2,99.4,99.5,99.6,99.7,99.8,99.9,100.0,100.1
7.7.5 유형별 주택전세가격지수,종합,대전,2017.11=100,원자료,67.8,68.4,68.4,68.6,68.7,68.4,68.1,67.1,66.7,66.4,65.4,64.8,64.7,65.0,65.2,65.4,65.5,65.5,65.3,65.3,65.4,65.4,65.1,65.1,65.1,65.0,64.9,64.6,64.5,64.3,64.2,64.2,64.3,64.5,64.8,64.9,65.2,65.4,65.4,65.5,65.5,65.5,65.7,65.7,65.8,66.1,66.3,66.4,66.5,66.7,67.0,67.2,67.3,67.5,67.8,68.1,68.5,68.7,69.1,69.1,69.1,69.2,69.2,69.3,69.5,69.7,70.0,70.4,71.8,72.7,73.7,74.5,75.6,77.5,78.4,79.3,80.1,80.8,81.0,81.7,82.1,82.7,83.7,84.8,85.7,87.5,88.6,90.2,90.0,90.7,91.4,92.1,93.0,93.5,93.1,92.4,91.6,90.9,90.5,90.2,89.7,88.9,88.3,87.7,87.9,88.8,89.4,89.7,90.0,90.4,90.9,91.7,92.1,92.5,92.8,93.2,93.5,93.8,94.1,94.4,95.0,95.4,95.7,95.7,95.6,95.4,95.3,95.3,95.6,95.8,95.9,95.9,96.0,96.1,96.2,96.3,96.4,96.4,96.4,96.5,96.6,96.8,97.0,97.2,97.2,97.3,97.6,97.7,97.8,97.9,98.0,98.1,98.2,98.3,98.4,98.6,98.8,99.0,99.1,99.2,99.1,99.0,99.0,99.2,99.4,99.6,100.0,100.0
7.7.5 유형별 주택전세가격지수,종합,울산,2017.11=100,원자료,59.2,59.6,59.9,60.2,60.2,59.9,59.6,59.4,59.5,60.0,59.8,59.8,59.7,59.8,60.0,60.2,60.3,60.6,60.8,61.2,61.8,61.9,61.8,61.9,62.3,62.4,63.1,63.8,64.9,65.4,65.5,65.9,66.8,68.2,69.9,70.6,71.3,71.8,72.2,72.6,72.9,72.9,73.0,73.2,73.2,73.3,73.4,73.2,73.6,73.8,74.1,74.6,74.9,75.5,75.4,75.3,75.4,75.3,75.2,74.5,74.1,74.0,73.9,73.9,74.0,74.0,74.4,74.5,75.2,75.6,76.1,76.3,76.7,77.2,77.6,78.0,78.4,78.5,78.7,79.0,79.2,79.5,80.0,80.2,80.8,81.8,83.3,85.0,85.3,86.1,86.6,87.2,88.1,88.9,90.3,90.9,91.6,92.4,93.1,93.8,94.4,94.8,94.4,94.2,94.1,94.1,94.5,94.7,94.8,94.9,95.1,95.4,95.6,95.8,96.0,96.1,96.2,96.4,96.6,96.6,96.6,96.7,96.9,97.0,97.0,97.2,97.4,97.6,97.8,98.0,98.2,98.4,98.5,98.6,98.7,98.9,99.1,99.3,99.5,99.6,99.8,100.1,100.3,100.4,100.6,100.8,100.9,101.0,101.1,101.1,101.1,100.9,100.9,101.0,100.9,100.8,100.7,100.7,100.8,100.8,100.7,100.7,100.6,100.4,100.3,100.2,100.0,99.8
7.7.5 유형별 주택전세가격지수,종합,세종,2017.11=100,원자료,,,,,,,,,,,,,,,,,,,,,,,,,,,,,,,,,,,,,,,,,,,,,,,,,,,,,,,,,,,,,,,,,,,,,,,,,,,,,,,,,,,,,,,,,,,,,,,,,,,,,,,,,,,99.4,100.4,101.8,103.3,104.6,105.7,106.8,107.5,108.1,108.9,109.6,110.3,110.8,111.2,111.7,111.8,111.6,111.1,110.3,109.5,108.3,106.5,104.8,104.3,104.2,104.1,104.1,104.0,104.0,104.0,103.9,104.0,103.9,103.9,104.0,104.1,104.2,104.2,104.3,104.7,105.0,105.4,105.8,106.3,107.0,107.7,108.0,108.1,108.3,108.4,108.3,108.2,107.4,104.5,100.0,98.5,98.3,98.6,99.0,99.4,100.0,100.7
7.7.5 유형별 주택전세가격지수,종합,강원,2017.11=100,원자료,73.8,74.4,74.9,74.8,75.0,75.2,75.2,75.4,75.6,75.7,75.4,75.3,75.4,75.3,76.2,76.1,76.4,76.2,76.2,76.2,76.6,77.2,77.2,77.0,77.6,77.8,78.2,78.4,78.0,77.7,77.7,77.4,77.5,77.5,76.9,75.9,75.8,75.7,75.8,76.0,76.1,76.1,75.8,75.8,75.8,75.7,75.7,75.6,75.5,75.5,75.4,75.4,75.4,75.5,75.4,75.8,75.8,76.0,76.0,76.0,75.8,75.6,75.6,75.6,75.6,75.6,75.6,75.6,75.7,75.7,76.0,76.0,76.1,76.3,76.6,76.8,76.8,77.0,77.2,77.4,77.6,77.7,78.0,78.2,78.8,79.4,80.4,81.8,81.8,82.6,83.9,86.0,87.3,88.1,89.0,89.7,91.1,91.5,92.0,92.1,92.2,92.3,92.3,92.3,92.4,92.4,92.5,92.7,92.7,92.7,92.8,92.9,93.1,93.2,93.1,93.2,93.3,93.5,93.7,93.8,94.0,94.1,94.2,94.3,94.2,94.2,94.2,94.2,94.2,94.3,94.4,94.5,94.7,94.8,95.0,95.3,95.5,95.7,95.8,95.9,96.2,96.4,96.7,96.9,97.0,97.1,97.1,97.2,97.3,97.4,97.5,97.6,97.7,97.9,98.1,98.2,98.3,98.3,98.5,98.8,99.0,99.1,99.2,99.4,99.6,99.9,100.0,100.0
7.7.5 유형별 주택전세가격지수,종합,충북,2017.11=100,원자료,63.1,63.7,63.4,63.9,64.1,64.1,64.1,64.1,63.9,64.1,63.8,63.4,63.0,63.2,63.3,63.6,64.0,64.1,64.2,64.4,64.7,65.2,65.4,65.6,65.8,66.1,66.6,67.0,67.3,67.3,67.3,67.3,67.2,67.5,67.8,67.8,67.8,67.8,67.8,67.9,67.6,67.6,67.6,67.6,67.7,68.0,68.0,68.0,68.1,68.7,69.2,69.7,69.9,70.0,70.1,70.3,70.5,70.5,70.5,70.2,70.2,70.3,70.3,70.5,70.6,70.6,70.6,70.9,71.3,71.6,72.1,72.2,72.4,72.7,73.2,73.7,73.9,74.2,74.4,74.6,75.1,75.7,76.4,77.0,77.5,78.5,80.0,81.3,81.5,82.5,83.6,84.8,86.1,87.0,87.7,87.9,88.5,88.6,88.5,89.0,89.6,90.0,90.2,90.3,90.4,90.5,90.8,91.1,91.2,91.4,91.4,91.8,91.9,92.0,92.1,92.2,92.4,92.5,92.7,93.0,93.2,93.2,93.4,93.5,93.6,93.7,93.8,93.9,94.2,94.5,94.8,95.2,95.4,95.7,96.1,96.4,96.5,96.6,96.6,96.7,96.9,97.0,97.1,97.3,97.5,97.6,97.8,98.0,98.2,98.3,98.3,98.4,98.5,98.7,98.9,99.0,99.0,99.0,99.1,99.2,99.4,99.5,99.6,99.7,99.8,99.9,100.0,100.0
7.7.5 유형별 주택전세가격지수,종합,충남,2017.11=100,원자료,69.5,70.4,71.1,71.3,71.3,70.3,69.3,68.0,66.7,66.1,65.5,65.2,65.0,66.5,68.0,68.7,69.0,69.2,69.4,69.5,70.0,70.3,70.4,70.3,70.1,70.4,70.6,70.8,70.9,70.7,70.6,70.5,70.8,71.0,71.2,71.2,71.3,71.4,71.8,71.9,71.9,71.9,72.2,72.4,72.6,73.0,73.0,73.1,73.0,73.0,73.1,73.4,73.5,74.0,74.3,74.8,75.5,75.9,76.3,76.1,75.8,75.6,75.3,75.2,75.2,75.1,75.4,75.4,75.7,75.9,76.2,76.2,76.3,76.5,76.8,77.2,77.9,77.8,78.0,78.2,78.9,79.5,79.8,80.1,80.4,80.9,81.9,83.0,83.4,83.8,84.7,85.6,86.6,87.3,88.4,88.8,89.2,89.4,89.9,90.1,90.3,90.5,90.7,91.0,91.3,91.7,92.2,92.9,93.2,93.4,93.7,93.9,94.2,94.4,94.5,94.7,94.8,95.6,96.2,96.7,97.1,97.4,97.7,98.0,98.2,98.5,98.6,98.8,99.0,99.4,99.7,99.9,100.0,100.1,100.4,100.7,100.9,101.1,101.2,101.3,101.5,101.7,101.9,102.0,101.9,101.8,101.8,101.8,101.6,101.5,101.4,101.3,101.2,101.2,101.1,101.0,100.9,100.9,100.8,100.6,100.5,100.4,100.3,100.2,100.1,100.1,100.0,99.9
7.7.5 유형별 주택전세가격지수,종합,전북,2017.11=100,원자료,66.5,66.6,66.8,67.0,67.2,67.0,67.0,67.3,67.1,66.8,66.8,66.7,66.5,66.6,66.9,67.2,67.3,67.3,67.3,67.6,68.0,68.5,68.4,68.6,68.8,68.9,69.3,69.5,69.7,69.9,70.1,70.2,70.5,70.8,71.2,71.5,71.7,71.9,72.1,72.2,72.5,72.5,72.5,72.5,72.6,72.9,73.0,73.3,73.6,73.9,74.9,75.9,76.4,77.5,77.9,78.1,78.8,78.7,78.7,78.5,78.1,77.9,78.3,78.6,78.8,79.0,79.2,79.5,79.9,80.5,81.0,81.4,81.7,82.0,82.5,82.8,83.1,83.7,84.5,84.7,85.3,85.6,86.4,86.8,87.3,88.6,89.5,90.6,91.1,91.7,92.2,92.8,93.7,94.4,95.2,96.0,96.6,96.6,96.8,97.0,97.0,97.0,96.7,96.7,96.5,96.5,96.4,96.0,95.7,95.8,95.9,96.2,96.4,96.3,96.3,96.4,96.5,96.6,96.7,96.8,96.9,96.9,97.0,96.9,96.9,96.9,96.9,96.9,96.9,97.0,97.0,97.0,97.0,97.0,97.2,97.3,97.2,97.2,97.3,97.3,97.5,97.6,97.7,97.7,97.8,97.8,97.9,98.1,98.1,98.2,98.2,98.3,98.3,98.4,98.5,98.6,98.6,98.7,98.8,98.9,99.1,99.2,99.3,99.4,99.6,99.8,100.0,100.1
7.7.5 유형별 주택전세가격지수,종합,전남,2017.11=100,원자료,66.5,66.5,66.7,66.9,67.1,66.8,66.7,66.4,66.4,66.2,66.2,65.9,65.8,65.7,65.5,66.2,65.9,66.3,66.7,66.4,66.5,66.6,66.9,67.0,67.3,67.4,67.5,67.6,67.6,67.7,67.9,68.2,68.4,68.9,69.2,69.3,69.5,69.8,69.9,70.1,70.2,70.4,70.9,71.2,71.6,71.7,72.2,72.8,74.2,74.5,75.6,77.1,77.5,78.5,79.1,79.6,80.8,81.0,81.3,81.5,81.0,81.0,81.1,81.2,81.4,81.5,81.4,81.5,81.8,82.1,82.3,83.1,83.5,83.9,84.3,84.5,84.9,85.4,85.7,85.8,86.3,86.4,87.0,87.3,87.6,88.2,89.0,90.3,91.0,91.8,92.0,92.4,93.3,94.2,95.0,95.7,96.7,96.7,95.1,95.4,95.7,95.9,95.9,96.0,96.1,96.2,96.2,96.2,96.1,96.2,96.3,96.5,96.4,96.5,96.3,96.2,96.2,96.2,96.4,96.4,96.5,96.5,96.4,96.3,96.3,96.3,96.2,96.1,96.2,96.1,96.2,96.1,96.2,96.1,96.2,96.4,96.5,96.7,96.9,96.9,97.1,97.2,97.4,97.5,97.7,97.7,97.8,97.9,98.0,98.0,98.1,98.1,98.2,98.3,98.4,98.6,98.7,98.7,98.8,99.0,99.2,99.3,99.4,99.6,99.7,99.9,100.0,100.0
7.7.5 유형별 주택전세가격지수,종합,경북,2017.11=100,원자료,77.1,77.0,76.9,76.9,76.9,76.5,76.6,76.0,75.9,75.8,75.6,75.2,75.0,75.1,75.5,75.9,76.2,76.7,76.7,76.7,77.0,77.3,77.8,77.8,78.0,78.5,79.0,78.8,79.5,79.7,80.0,80.2,80.5,80.9,81.2,81.4,81.9,82.1,82.4,82.6,82.8,83.0,83.1,83.1,83.2,83.4,83.3,83.5,83.3,83.2,83.5,83.7,83.8,83.9,83.7,83.7,83.6,83.3,83.0,81.6,80.5,80.0,79.7,79.6,79.6,79.5,79.5,79.5,80.0,80.1,80.4,80.4,80.5,80.6,80.7,80.8,80.8,80.7,80.6,80.6,80.6,80.7,81.0,81.3,81.6,82.0,82.9,84.1,84.3,84.7,85.1,85.4,85.9,86.4,87.1,87.7,88.5,88.7,89.1,89.4,89.6,89.9,90.1,90.5,91.1,91.5,91.9,92.2,92.6,92.9,93.3,93.7,94.2,94.5,95.1,95.4,95.8,96.4,96.7,97.1,97.8,98.3,98.5,98.8,99.0,99.1,99.2,99.3,99.5,99.7,99.8,100.0,100.2,100.4,100.7,100.9,101.1,101.3,101.4,101.7,102.0,102.1,102.2,102.2,102.2,102.1,102.1,102.0,101.9,101.7,101.6,101.4,101.3,101.2,101.2,101.1,101.0,101.0,100.9,100.8,100.7,100.7,100.6,100.5,100.3,100.2,100.0,99.9
7.7.5 유형별 주택전세가격지수,종합,경남,2017.11=100,원자료,65.5,65.5,65.8,65.7,65.6,65.3,65.1,64.7,64.4,64.2,64.2,63.5,63.4,63.3,63.5,63.5,63.4,63.2,63.1,63.0,63.0,63.1,63.0,63.1,63.2,63.4,63.4,63.4,63.6,63.6,63.5,63.6,63.8,64.0,64.1,64.3,64.4,64.5,64.8,65.0,65.3,65.4,65.6,65.7,66.0,66.1,66.6,66.7,66.8,67.0,67.3,67.7,67.9,68.1,68.3,68.6,68.9,69.3,69.5,69.5,69.4,69.5,69.6,69.7,69.8,70.0,70.0,70.1,70.7,70.9,71.3,71.6,71.7,72.2,72.8,73.4,74.1,74.8,75.2,75.7,76.3,77.0,78.6,79.8,80.7,82.3,84.7,88.2,88.6,89.2,89.9,90.8,92.2,93.2,94.0,94.0,94.4,94.5,94.6,94.7,94.6,94.5,94.2,94.0,94.1,94.1,94.2,94.5,94.9,95.1,95.4,96.0,96.5,96.7,96.8,96.9,97.1,97.5,97.7,97.8,98.1,98.3,98.5,98.8,98.9,99.1,99.3,99.4,99.6,99.9,100.1,100.3,100.5,100.6,100.8,100.9,101.1,101.2,101.3,101.3,101.5,101.6,101.8,101.9,101.9,102.0,102.1,102.2,102.3,102.3,102.2,102.2,102.2,102.3,102.4,102.5,102.5,102.5,102.6,102.5,102.3,102.1,101.7,101.3,100.9,100.5,100.0,99.8
7.7.5 유형별 주택전세가격지수,종합,제주,2017.11=100,원자료,87.3,85.7,83.7,83.7,83.5,81.3,79.4,79.3,79.2,79.2,78.8,78.8,78.9,76.8,76.8,76.8,76.7,76.7,77.5,77.5,77.6,77.5,75.5,75.4,75.6,75.6,75.6,75.7,75.1,74.8,74.6,74.1,74.1,74.1,74.5,74.6,74.3,74.6,74.6,74.5,73.1,73.2,73.1,73.3,73.3,73.3,73.4,73.4,73.4,73.3,73.3,73.6,73.6,73.6,73.6,73.7,74.7,75.2,75.5,75.9,76.0,76.1,76.1,76.5,77.1,77.3,77.3,77.4,77.4,77.4,77.7,78.4,78.7,78.8,78.9,79.4,79.7,80.0,80.3,80.4,80.4,80.6,80.8,81.3,81.6,83.0,83.1,83.2,83.2,83.3,83.7,84.7,85.0,85.6,86.3,86.7,88.2,89.2,89.3,89.4,90.4,90.4,90.4,90.4,90.4,90.4,90.4,90.4,90.5,90.6,90.6,90.6,90.6,90.6,90.6,90.6,90.6,90.7,90.9,91.3,91.9,92.1,92.1,92.1,92.2,92.1,92.1,92.2,92.3,92.5,92.6,93.1,93.6,93.9,94.4,94.6,94.9,95.2,95.8,96.1,96.4,96.7,97.2,98.1,99.1,99.5,99.6,99.6,99.6,99.5,99.5,99.5,99.6,99.6,99.8,99.9,100.0,100.0,100.0,100.0,99.9,99.8,99.8,99.8,99.9,99.9,100.0,100.0
7.7.5 유형별 주택전세가격지수,종합,6대광역시,2017.11=100,원자료,64.8,64.8,65.0,65.0,64.9,64.4,63.9,63.4,63.1,62.9,62.4,61.9,61.7,61.7,61.9,62.1,62.1,62.1,62.1,62.1,62.4,62.6,62.7,62.8,63.0,63.1,63.4,63.6,63.7,63.8,63.7,63.7,64.1,64.5,64.9,65.1,65.4,65.5,65.7,65.9,66.1,66.1,66.2,66.2,66.3,66.5,66.7,66.7,66.8,66.9,67.3,67.6,67.9,68.3,68.5,68.8,69.3,69.6,69.6,69.3,69.0,68.8,68.7,68.7,68.8,68.9,69.0,69.2,69.9,70.3,70.8,71.1,71.3,71.9,72.3,72.8,73.2,73.6,73.9,74.2,74.6,75.2,75.9,76.5,77.0,78.1,79.2,80.8,81.1,81.7,82.3,82.9,83.7,84.4,85.0,85.2,85.6,85.6,85.8,86.0,86.2,86.2,86.1,86.0,86.1,86.3,86.6,86.8,86.9,87.1,87.4,87.9,88.2,88.5,88.8,89.1,89.4,89.9,90.4,90.8,91.2,91.6,92.0,92.2,92.3,92.4,92.5,92.7,92.9,93.2,93.4,93.7,93.9,94.1,94.5,95.1,95.5,96.0,96.3,96.6,97.0,97.3,97.7,97.9,98.0,98.1,98.2,98.4,98.5,98.5,98.6,98.7,98.8,99.0,99.1,99.2,99.3,99.3,99.4,99.5,99.6,99.6,99.7,99.8,99.9,99.9,100.0,100.0
7.7.5 유형별 주택전세가격지수,종합,9개도,2017.11=100,원자료,61.8,61.9,62.1,62.2,62.1,61.6,61.1,60.5,60.1,59.8,59.3,58.8,58.5,58.7,59.2,59.6,59.8,60.1,60.2,60.4,61.0,61.5,61.6,61.7,61.8,62.1,62.5,62.8,63.2,63.2,63.3,63.4,64.0,64.8,65.5,66.0,66.4,66.7,67.1,67.5,67.5,67.5,67.6,67.8,68.1,68.3,68.5,68.6,68.7,68.9,69.5,70.1,70.3,70.8,71.0,71.2,71.6,71.7,71.4,70.5,69.7,69.5,69.6,69.7,69.9,70.0,70.2,70.5,71.4,71.8,72.1,72.2,72.3,72.6,73.0,73.4,73.7,74.0,74.1,74.3,74.8,75.4,76.2,76.7,77.3,78.6,80.2,81.7,81.8,82.4,83.0,84.0,85.2,86.0,86.4,86.4,86.9,87.0,87.1,87.1,87.2,87.2,87.1,87.1,87.3,87.5,87.6,87.8,88.0,88.1,88.3,88.8,89.0,89.2,89.4,89.7,90.1,90.6,91.1,91.4,91.9,92.4,92.8,92.9,93.0,93.1,93.2,93.4,93.7,94.0,94.3,94.6,94.9,95.2,95.6,96.1,96.5,96.9,97.2,97.4,97.8,98.1,98.4,98.6,98.8,98.8,99.0,99.1,99.2,99.3,99.3,99.4,99.4,99.5,99.6,99.7,99.7,99.7,99.8,99.9,99.9,99.9,100.0,100.0,100.0,100.0,100.0,99.9
7.7.5 유형별 주택전세가격지수,아파트,전국,2017.11=100,원자료,52.7,53.0,53.3,53.4,53.3,53.0,52.6,52.1,51.9,51.8,51.4,51.0,50.7,51.0,51.4,51.8,52.0,52.3,52.4,52.7,53.3,53.8,54.0,54.2,54.4,54.7,55.2,55.6,55.9,56.0,56.0,56.1,56.6,57.3,58.1,58.4,58.8,59.0,59.3,59.6,59.6,59.6,59.6,59.7,59.8,60.0,60.0,60.0,60.2,60.3,60.7,61.1,61.3,61.6,61.8,61.9,62.2,62.3,62.0,61.1,60.3,60.1,60.2,60.4,60.6,60.8,61.1,61.4,62.5,63.0,63.5,63.7,63.9,64.4,64.9,65.4,65.7,66.0,66.2,66.5,66.9,67.6,68.5,69.1,69.8,71.2,72.8,74.4,74.6,75.1,75.9,77.0,78.3,79.2,79.7,79.7,80.1,80.2,80.3,80.4,80.4,80.4,80.2,80.1,80.4,80.7,81.0,81.2,81.5,81.7,82.1,82.6,83.0,83.2,83.6,84.1,84.7,85.5,86.1,86.7,87.4,88.1,88.7,88.9,89.0,89.1,89.3,89.6,90.0,90.4,90.8,91.2,91.5,91.9,92.5,93.4,94.0,94.6,95.1,95.5,96.1,96.6,97.2,97.5,97.7,97.9,98.0,98.2,98.3,98.5,98.6,98.7,98.8,99.0,99.3,99.4,99.4,99.4,99.5,99.6,99.7,99.8,99.8,99.9,99.9,100.0,100.0,99.9
7.7.5 유형별 주택전세가격지수,아파트,수도권,2017.11=100,원자료,49.7,49.9,50.1,50.2,50.1,49.7,49.2,48.6,48.2,48.0,47.5,46.9,46.6,46.8,47.3,47.7,47.9,48.3,48.5,48.9,49.7,50.3,50.6,50.7,51.0,51.4,52.0,52.5,52.9,53.0,53.1,53.3,54.0,55.0,56.1,56.6,57.0,57.3,57.8,58.1,58.0,58.0,58.0,58.1,58.3,58.3,58.3,58.3,58.3,58.5,58.9,59.5,59.7,59.9,60.1,60.2,60.5,60.5,60.0,58.5,57.4,57.2,57.4,57.6,57.9,58.2,58.6,59.0,60.5,61.1,61.5,61.6,61.7,62.1,62.6,62.9,63.2,63.2,63.3,63.5,64.0,64.7,65.5,65.9,66.6,68.0,69.6,70.5,70.5,70.9,71.5,72.6,74.0,74.8,74.9,74.7,74.7,74.8,74.8,74.6,74.4,74.3,74.0,73.8,74.1,74.5,74.8,74.9,75.1,75.3,75.7,76.2,76.5,76.7,77.1,77.7,78.6,79.7,80.5,81.2,82.1,83.0,83.9,84.0,84.1,84.2,84.5,84.8,85.4,86.0,86.4,86.9,87.3,87.9,88.7,89.8,90.7,91.6,92.2,92.8,93.6,94.4,95.1,95.6,95.9,96.1,96.3,96.6,96.8,97.1,97.4,97.6,97.8,98.0,98.3,98.4,98.5,98.5,98.6,98.8,99.0,99.3,99.4,99.6,99.8,99.9,100.0,99.9
7.7.5 유형별 주택전세가격지수,아파트,지방,2017.11=100,원자료,55.8,56.1,56.5,56.6,56.7,56.4,56.2,55.9,55.8,55.9,55.7,55.5,55.4,55.7,56.0,56.3,56.5,56.6,56.7,56.8,57.1,57.5,57.7,57.8,58.0,58.2,58.5,58.6,58.8,58.9,58.9,58.9,59.1,59.4,59.7,59.9,60.1,60.3,60.5,60.6,60.6,60.7,60.7,60.8,60.9,61.1,61.2,61.4,61.5,61.7,61.9,62.4,62.5,62.8,63.0,63.1,63.4,63.6,63.7,63.4,63.1,62.9,62.9,63.0,63.1,63.2,63.3,63.5,64.1,64.5,65.0,65.4,65.7,66.4,67.0,67.5,68.0,68.4,68.8,69.2,69.6,70.2,71.2,72.0,72.8,74.2,75.8,78.1,78.6,79.5,80.3,81.4,82.6,83.5,84.6,84.9,85.7,85.8,86.2,86.5,86.7,86.8,86.8,86.8,87.0,87.3,87.6,88.0,88.3,88.5,88.9,89.4,89.9,90.2,90.5,90.8,91.1,91.6,92.0,92.4,92.9,93.3,93.6,93.9,94.0,94.2,94.3,94.4,94.7,95.0,95.3,95.6,95.8,96.0,96.4,96.9,97.3,97.7,97.9,98.1,98.5,98.8,99.1,99.4,99.5,99.6,99.7,99.8,99.8,99.8,99.8,99.8,99.9,100.0,100.2,100.3,100.3,100.3,100.4,100.4,100.3,100.2,100.1,100.1,100.1,100.1,100.0,99.9
7.7.5 유형별 주택전세가격지수,아파트,5대광역시,2017.11=100,원자료,55.0,55.2,55.5,55.7,55.7,55.4,55.0,54.8,54.8,54.9,54.7,54.4,54.3,54.5,54.7,54.9,55.1,55.1,55.2,55.3,55.6,56.0,56.2,56.3,56.5,56.7,56.9,57.0,57.0,57.0,56.9,56.9,57.1,57.5,57.8,58.1,58.3,58.4,58.5,58.6,58.6,58.6,58.6,58.6,58.6,58.8,59.0,59.1,59.2,59.3,59.5,59.8,59.9,60.2,60.3,60.4,60.5,60.7,60.7,60.5,60.1,59.9,59.9,59.9,60.0,60.1,60.3,60.5,61.2,61.7,62.3,62.7,63.1,64.0,64.6,65.2,65.8,66.1,66.5,67.0,67.4,68.0,69.0,69.9,70.8,72.2,73.8,76.1,76.5,77.5,78.3,79.3,80.4,81.2,82.2,82.5,83.1,83.1,83.5,83.7,84.0,84.0,83.9,83.7,83.9,84.2,84.5,84.8,85.1,85.4,85.7,86.3,86.8,87.2,87.6,87.9,88.3,88.7,89.2,89.6,90.1,90.6,90.9,91.2,91.3,91.4,91.6,91.8,92.0,92.3,92.6,92.9,93.1,93.4,93.8,94.5,95.0,95.6,95.9,96.2,96.6,97.1,97.6,97.9,98.0,98.2,98.3,98.4,98.5,98.5,98.5,98.6,98.7,98.9,99.1,99.3,99.4,99.4,99.5,99.6,99.7,99.7,99.7,99.8,99.9,99.9,100.0,100.0
7.7.5 유형별 주택전세가격지수,아파트,8개도,2017.11=100,원자료,56.1,56.5,56.9,57.1,57.2,57.0,56.9,56.6,56.4,56.4,56.3,56.2,56.1,56.5,57.0,57.3,57.6,57.7,57.8,57.9,58.2,58.6,58.7,58.8,59.0,59.3,59.7,60.0,60.3,60.4,60.5,60.6,60.8,61.1,61.3,61.5,61.7,61.9,62.1,62.3,62.5,62.5,62.7,62.8,63.0,63.2,63.3,63.5,63.7,63.9,64.2,64.8,65.0,65.4,65.6,65.8,66.2,66.5,66.6,66.3,66.0,65.9,66.0,66.1,66.2,66.3,66.4,66.5,66.9,67.2,67.7,68.0,68.2,68.6,69.1,69.5,69.9,70.3,70.7,71.0,71.5,72.0,73.1,73.8,74.5,75.7,77.3,79.6,80.1,80.9,81.8,83.0,84.2,85.3,86.4,86.9,87.8,88.1,88.4,88.7,89.0,89.2,89.2,89.4,89.6,89.9,90.2,90.6,90.8,91.1,91.4,91.9,92.4,92.6,92.9,93.0,93.3,93.8,94.2,94.6,95.1,95.4,95.7,96.0,96.1,96.3,96.4,96.6,96.8,97.2,97.4,97.7,97.9,98.1,98.5,98.8,99.1,99.3,99.4,99.6,99.9,100.1,100.3,100.5,100.5,100.6,100.7,100.7,100.8,100.7,100.7,100.6,100.6,100.7,100.8,100.9,100.8,100.8,100.9,100.9,100.8,100.7,100.6,100.4,100.3,100.2,100.0,99.8
7.7.5 유형별 주택전세가격지수,아파트,서울,2017.11=100,원자료,49.8,50.0,50.3,50.3,50.2,49.7,49.4,48.9,48.6,48.4,48.1,47.6,47.3,47.4,47.6,47.8,47.8,48.0,48.2,48.5,49.3,49.9,50.3,50.4,50.8,51.3,52.1,52.7,53.1,53.2,53.3,53.5,54.2,55.1,56.0,56.3,56.7,57.0,57.4,57.7,57.7,57.7,57.7,57.9,57.9,58.0,58.0,57.9,58.1,58.2,58.7,59.1,59.3,59.5,59.6,59.7,59.8,59.6,59.0,57.3,56.3,56.4,56.7,57.0,57.4,57.7,58.2,58.7,60.3,61.0,61.5,61.7,62.1,62.7,63.1,63.4,63.6,63.7,63.8,63.9,64.3,65.0,65.7,66.2,67.0,68.3,69.6,70.2,70.1,70.4,71.2,72.4,74.0,74.7,75.0,74.8,74.7,74.7,74.7,74.3,74.0,73.7,73.3,73.1,73.6,74.2,74.7,74.8,75.1,75.6,76.1,76.4,76.5,76.6,77.1,78.0,79.0,80.2,81.0,81.6,82.6,83.3,83.9,84.1,84.1,84.1,84.2,84.4,84.8,85.3,85.6,85.9,86.2,86.8,87.6,88.7,89.5,90.3,91.0,91.7,92.6,93.5,94.5,95.2,95.5,95.7,95.9,96.0,96.2,96.5,96.8,97.0,97.1,97.4,97.7,97.9,97.9,98.0,98.1,98.3,98.6,99.0,99.2,99.5,99.6,99.8,100.0,100.2
7.7.5 유형별 주택전세가격지수,아파트,경기,2017.11=100,원자료,48.1,48.2,48.5,48.6,48.5,48.1,47.5,46.8,46.4,46.1,45.6,45.0,44.7,45.1,45.7,46.3,46.7,47.4,47.7,48.2,49.1,49.8,50.1,50.2,50.3,50.7,51.3,51.7,52.1,52.2,52.2,52.5,53.3,54.4,55.6,56.2,56.7,57.0,57.5,57.8,57.6,57.6,57.5,57.6,57.9,58.0,57.9,57.9,58.0,58.2,58.6,59.2,59.5,59.7,59.8,59.9,60.1,60.1,59.5,58.1,56.7,56.4,56.5,56.7,57.1,57.3,57.7,58.1,59.5,60.1,60.4,60.4,60.5,60.7,61.2,61.6,61.9,61.9,62.0,62.1,62.7,63.4,64.3,64.7,65.4,67.1,69.2,70.5,70.5,71.0,71.6,72.8,74.3,75.2,75.2,74.9,75.0,75.1,75.1,75.0,74.8,74.7,74.4,74.3,74.4,74.7,74.9,75.0,75.1,75.2,75.5,76.2,76.5,76.8,77.0,77.6,78.4,79.4,80.2,80.8,81.8,82.7,83.7,83.8,83.9,84.1,84.4,84.8,85.6,86.2,86.8,87.3,87.8,88.5,89.3,90.5,91.4,92.3,92.9,93.5,94.2,95.0,95.7,96.1,96.3,96.5,96.7,97.1,97.3,97.6,97.9,98.1,98.2,98.5,98.8,98.9,98.9,98.9,99.0,99.2,99.4,99.5,99.6,99.8,99.9,99.9,100.0,99.8
7.7.5 유형별 주택전세가격지수,아파트,인천,2017.11=100,원자료,56.6,56.9,56.9,56.9,56.7,56.5,56.1,55.5,54.9,54.4,53.7,52.8,52.3,52.3,52.9,53.2,53.2,53.2,53.2,53.1,53.4,53.5,53.6,53.7,53.9,54.3,54.9,55.3,55.7,55.8,55.8,56.0,56.5,57.2,58.1,58.9,59.3,59.7,60.1,60.6,60.8,60.9,60.9,60.9,60.9,60.9,60.8,60.7,60.5,60.7,60.8,61.4,61.7,62.2,62.6,63.1,64.4,65.2,65.2,64.6,64.0,63.5,63.4,63.3,63.4,63.5,63.6,63.9,65.0,65.4,65.8,65.8,65.9,66.1,66.4,66.8,67.2,67.4,67.7,68.0,68.4,69.0,69.8,69.9,70.0,70.4,71.2,71.7,71.6,71.7,71.7,72.0,72.6,73.2,73.4,73.4,73.5,73.5,73.5,73.6,73.8,73.9,73.8,73.9,74.2,74.4,74.7,74.7,74.7,74.8,75.3,75.8,76.1,76.4,76.8,77.4,78.1,79.4,80.5,81.2,82.2,83.0,84.4,84.7,84.9,85.1,85.5,85.7,86.2,86.7,87.1,87.4,87.8,88.2,89.0,90.1,91.0,91.9,92.5,93.0,93.6,94.0,94.6,94.9,95.0,95.2,95.5,95.8,96.1,96.5,96.9,97.2,97.5,97.7,98.0,98.2,98.2,98.3,98.4,98.6,98.7,99.0,99.2,99.4,99.7,99.9,100.0,99.9
7.7.5 유형별 주택전세가격지수,아파트,부산,2017.11=100,원자료,56.3,56.3,56.5,56.7,56.7,56.3,55.8,55.5,55.4,55.3,54.9,54.2,53.8,53.6,53.5,53.5,53.5,53.3,53.1,52.9,53.1,53.4,53.6,53.6,53.5,53.5,53.6,53.5,53.5,53.3,53.1,53.1,53.3,53.7,53.9,54.1,54.1,54.3,54.4,54.6,54.7,54.8,54.8,54.9,55.1,55.2,55.5,55.7,56.0,56.1,56.5,56.9,57.0,57.2,57.3,57.4,57.7,58.0,58.2,58.2,58.2,58.4,58.5,58.7,59.0,59.1,59.2,59.4,60.2,60.7,61.5,62.0,62.3,63.2,64.2,65.2,66.2,66.8,67.6,68.3,69.0,70.1,71.8,73.2,74.6,76.2,78.1,81.1,81.7,82.7,83.5,84.4,85.4,86.1,87.3,87.6,87.5,87.3,87.4,87.4,87.4,87.2,87.0,86.8,86.7,86.8,86.9,86.9,86.9,87.1,87.3,87.5,87.5,87.6,87.5,87.6,87.7,88.0,88.2,88.4,88.6,88.9,89.1,89.3,89.5,89.6,89.7,89.9,90.0,90.2,90.5,90.7,90.8,91.0,91.4,91.9,92.2,92.6,92.8,93.0,93.3,93.8,94.4,94.9,95.2,95.6,95.8,96.0,96.3,96.6,96.8,97.2,97.6,98.1,98.7,99.1,99.3,99.4,99.5,99.7,99.9,100.1,100.1,100.1,100.1,100.0,100.0,100.0
7.7.5 유형별 주택전세가격지수,아파트,대구,2017.11=100,원자료,54.6,54.6,54.8,55.0,54.9,54.4,53.8,53.7,53.7,53.8,54.0,54.2,54.3,54.8,55.2,55.9,56.4,56.7,57.0,57.4,58.1,59.0,59.5,60.0,60.5,61.0,61.4,61.7,61.7,61.6,61.4,61.0,61.2,61.3,61.4,61.6,61.7,61.6,61.4,61.1,60.8,60.2,59.8,59.7,59.7,59.9,59.9,59.9,59.7,59.6,59.7,59.5,59.4,59.3,59.4,59.4,59.3,59.2,58.9,57.7,56.7,55.7,55.3,55.1,55.1,55.0,55.2,55.4,55.9,56.4,56.7,57.0,57.1,57.6,57.9,58.1,58.3,58.4,58.5,58.8,59.1,59.5,60.2,60.6,61.0,62.1,63.2,64.5,64.9,65.5,66.1,66.9,68.0,68.8,70.2,70.7,72.3,72.8,73.2,73.7,74.1,74.3,74.4,74.7,75.1,75.4,75.8,76.5,77.2,77.5,77.9,79.2,80.4,81.4,82.6,83.4,84.1,85.1,86.1,87.5,88.8,89.5,90.1,90.7,91.2,91.5,91.8,92.2,92.7,93.1,93.7,94.4,94.9,95.4,96.1,97.2,98.1,99.2,99.8,100.4,101.1,101.8,102.3,102.4,102.3,102.1,101.8,101.6,101.4,100.9,100.6,100.3,100.1,100.1,100.0,99.9,99.8,99.8,99.7,99.7,99.6,99.6,99.6,99.7,99.8,99.9,100.0,100.0
7.7.5 유형별 주택전세가격지수,아파트,광주,2017.11=100,원자료,52.8,53.0,53.4,53.6,53.6,53.7,53.8,53.8,54.2,54.8,55.0,55.1,55.1,55.5,55.9,56.1,56.3,56.4,56.6,56.8,57.0,57.2,57.5,57.7,57.9,58.3,58.6,58.7,58.9,59.0,59.1,59.2,59.5,59.8,60.0,60.1,60.1,60.2,60.3,60.5,60.5,60.6,60.8,60.8,60.8,60.9,61.0,61.0,61.1,61.2,61.4,61.9,62.4,62.8,63.1,63.3,63.4,63.6,63.8,63.9,63.8,63.7,63.6,63.6,63.6,63.5,63.6,63.6,63.7,63.7,63.6,63.7,63.8,64.0,64.1,64.1,64.2,64.3,64.4,64.6,64.6,64.8,65.0,65.5,65.9,67.0,68.9,71.6,72.4,73.8,74.9,76.3,78.3,79.4,80.4,80.7,82.2,82.2,83.2,83.6,84.4,85.2,85.4,85.4,85.6,85.7,85.8,86.1,86.4,86.5,86.6,87.1,87.3,87.5,87.6,87.7,87.8,88.0,88.3,88.3,88.4,88.8,89.1,89.3,89.3,89.4,89.5,89.6,89.8,90.1,90.3,90.6,91.0,91.3,92.0,93.3,94.0,94.9,95.5,96.0,96.3,96.9,97.6,97.8,97.9,98.1,98.2,98.5,98.7,98.6,98.6,98.5,98.5,98.6,98.7,98.8,98.9,98.9,99.0,99.1,99.4,99.4,99.5,99.7,99.8,99.9,100.0,100.2
7.7.5 유형별 주택전세가격지수,아파트,대전,2017.11=100,원자료,58.0,58.8,59.1,59.3,59.5,59.3,59.0,58.4,58.2,58.2,57.4,56.7,56.6,57.1,57.6,57.7,57.7,57.7,57.7,57.6,57.8,58.0,57.8,57.8,57.8,57.7,57.5,57.2,57.0,56.9,56.8,56.8,56.8,57.0,57.2,57.4,57.9,58.1,58.2,58.2,58.2,58.2,58.3,58.3,58.5,58.8,58.9,59.1,59.3,59.5,59.7,60.0,60.1,60.4,60.6,60.9,61.2,61.5,61.9,62.0,61.9,62.1,62.1,62.2,62.4,62.7,63.1,63.5,65.0,66.0,67.3,68.2,69.5,72.2,73.2,74.2,75.1,75.7,76.0,76.8,77.2,77.8,79.0,80.7,81.8,84.1,85.6,87.2,87.0,87.9,88.8,89.8,90.5,91.0,90.4,89.3,88.1,87.2,86.8,86.4,86.0,85.0,84.4,83.7,84.0,85.1,85.8,86.2,86.6,87.1,87.8,88.9,89.5,90.0,90.4,91.0,91.4,91.8,92.1,92.5,93.3,93.8,94.2,94.2,94.0,93.8,93.7,93.7,93.9,94.2,94.2,94.2,94.3,94.5,94.7,94.8,94.9,94.9,95.0,95.1,95.3,95.5,95.8,96.0,96.1,96.3,96.5,96.7,96.8,97.0,97.1,97.3,97.4,97.6,97.7,97.9,98.2,98.5,98.7,98.8,98.7,98.6,98.7,98.9,99.2,99.4,100.0,100.0
7.7.5 유형별 주택전세가격지수,아파트,울산,2017.11=100,원자료,52.4,53.0,53.5,53.7,53.8,53.4,52.9,52.8,53.0,53.2,53.0,52.9,52.9,52.9,53.1,53.5,53.8,54.0,54.3,54.9,55.5,55.6,55.4,55.5,55.8,56.0,56.7,57.3,58.3,58.8,59.1,59.3,59.8,61.0,62.7,63.8,64.7,65.3,65.7,66.1,66.2,66.7,66.8,66.8,66.9,66.9,67.1,66.9,67.4,67.4,67.5,68.1,68.1,69.1,68.9,68.8,68.9,68.7,68.6,68.0,67.6,67.2,67.1,67.4,67.3,67.4,67.9,68.2,69.0,69.4,70.0,70.3,70.7,71.3,71.8,72.3,72.9,73.1,73.3,73.6,73.8,74.1,74.6,74.9,75.6,76.8,78.6,80.9,81.3,82.3,83.1,83.8,84.7,85.7,87.7,88.6,89.4,90.5,91.4,92.3,93.1,93.7,93.2,92.8,92.7,92.7,93.2,93.5,93.6,93.7,93.9,94.3,94.5,94.8,95.1,95.2,95.3,95.6,95.8,95.9,95.9,96.1,96.3,96.4,96.4,96.7,96.9,97.2,97.4,97.6,97.8,98.0,98.1,98.2,98.3,98.6,98.8,99.1,99.3,99.4,99.8,100.1,100.3,100.5,100.7,101.0,101.0,101.2,101.4,101.4,101.3,101.1,101.1,101.2,101.1,101.1,100.9,100.9,101.0,101.0,100.9,100.8,100.7,100.5,100.4,100.3,100.0,99.8
7.7.5 유형별 주택전세가격지수,아파트,세종,2017.11=100,원자료,,,,,,,,,,,,,,,,,,,,,,,,,,,,,,,,,,,,,,,,,,,,,,,,,,,,,,,,,,,,,,,,,,,,,,,,,,,,,,,,,,,,,,,,,,,,,,,,,,,,,,,,,,,101.0,103.5,106.1,108.9,111.5,113.3,115.0,115.6,116.5,117.9,119.5,121.0,121.8,122.6,123.8,124.0,123.3,122.3,120.4,118.6,115.9,111.7,107.8,106.7,106.4,106.0,105.9,105.8,105.6,105.6,105.3,105.4,105.3,105.2,105.4,105.6,105.7,105.8,106.0,106.5,106.9,107.5,108.1,108.9,109.9,111.0,111.4,111.6,111.8,111.8,111.7,111.6,110.4,106.3,100.2,98.2,97.8,98.1,98.7,99.2,100.0,100.9
7.7.5 유형별 주택전세가격지수,아파트,강원,2017.11=100,원자료,63.5,64.5,65.2,65.2,65.5,65.7,65.7,65.9,66.2,66.5,66.5,66.3,66.3,66.3,66.6,66.7,67.1,67.0,67.1,67.3,67.9,68.3,68.3,68.5,69.0,69.2,69.5,69.8,69.9,69.8,69.8,69.6,69.7,69.8,69.9,69.0,68.9,68.8,68.9,69.3,69.2,69.2,69.0,69.0,69.0,68.9,68.9,68.8,68.7,68.7,68.6,68.4,68.5,68.4,68.3,68.3,68.2,68.1,68.2,68.1,67.8,67.7,67.6,67.6,67.6,67.6,67.6,67.7,67.7,67.7,67.9,68.1,68.1,68.4,68.7,69.1,69.1,69.2,69.5,69.6,69.8,70.1,70.3,70.5,71.0,71.8,73.0,74.8,74.6,75.9,77.7,80.6,82.3,83.2,84.3,84.9,86.6,87.2,88.1,88.2,88.4,88.4,88.4,88.4,88.5,88.7,88.8,88.9,88.9,88.9,89.1,89.3,89.4,89.5,89.5,89.5,89.6,89.9,90.2,90.5,90.9,91.1,91.3,91.4,91.4,91.4,91.4,91.4,91.4,91.6,91.8,92.0,92.2,92.4,92.6,93.0,93.4,93.7,93.8,94.0,94.3,94.7,95.1,95.4,95.5,95.6,95.7,95.8,96.0,96.2,96.4,96.5,96.7,96.9,97.2,97.4,97.5,97.7,98.0,98.3,98.6,98.8,98.9,99.2,99.5,99.8,100.0,99.9
7.7.5 유형별 주택전세가격지수,아파트,충북,2017.11=100,원자료,53.6,54.2,54.6,55.1,55.4,55.4,55.4,55.4,55.4,55.7,55.5,55.0,54.7,55.3,55.4,55.6,56.1,56.2,56.4,56.5,56.9,57.4,57.6,57.9,58.4,58.8,59.4,59.9,60.1,60.0,60.1,60.0,60.1,60.3,60.3,60.4,60.4,60.3,60.4,60.5,60.1,60.0,60.0,60.0,60.1,60.3,60.2,60.3,60.4,60.9,61.4,62.0,62.1,62.4,62.5,62.6,62.7,62.8,62.8,62.6,62.7,62.7,62.7,62.8,62.9,62.8,62.8,63.1,63.5,63.9,64.2,64.5,64.8,65.0,65.5,65.9,66.2,66.4,66.5,66.8,67.3,67.6,68.3,69.0,69.5,70.7,72.6,74.2,74.5,75.8,77.7,79.3,80.9,82.2,83.1,83.5,84.2,84.4,84.2,84.7,85.1,85.4,85.5,85.7,85.8,86.0,86.3,86.5,86.7,86.8,87.0,87.4,87.5,87.6,87.7,87.9,88.1,88.3,88.5,88.9,89.2,89.4,89.6,89.7,89.8,90.0,90.2,90.5,90.9,91.4,91.9,92.4,92.7,93.2,93.8,94.2,94.4,94.6,94.6,94.8,95.1,95.3,95.5,96.0,96.2,96.4,96.6,97.0,97.2,97.4,97.6,97.6,97.8,98.1,98.4,98.6,98.6,98.7,98.8,99.0,99.2,99.3,99.4,99.5,99.7,99.8,100.0,100.0
7.7.5 유형별 주택전세가격지수,아파트,충남,2017.11=100,원자료,58.7,60.0,60.9,61.0,60.9,59.8,58.6,56.8,55.0,54.3,53.9,53.8,53.8,56.1,58.0,59.1,59.7,60.2,60.5,60.9,61.5,61.7,62.0,61.7,61.2,61.6,61.9,62.4,62.4,62.2,62.1,62.0,62.0,62.2,62.3,62.4,62.5,62.6,62.8,62.8,62.9,62.9,63.0,63.1,63.2,63.3,63.3,63.3,63.0,63.0,63.2,63.5,63.6,64.1,64.3,64.7,65.8,66.6,66.8,66.6,66.0,65.8,65.3,65.4,65.4,65.4,65.5,65.6,65.7,65.9,66.1,66.2,66.3,66.6,66.9,67.1,67.4,67.6,67.9,68.2,68.6,69.0,69.7,70.2,70.6,71.3,72.3,73.7,74.3,75.0,75.8,77.1,78.2,79.5,81.3,82.0,82.6,83.1,83.8,84.2,84.6,85.0,85.4,86.0,86.4,87.1,87.8,88.9,89.4,89.8,90.2,90.6,91.1,91.4,91.6,91.9,92.2,93.4,94.4,95.1,95.9,96.4,97.0,97.6,97.9,98.3,98.7,99.0,99.5,100.2,100.7,101.0,101.2,101.5,101.9,102.4,102.7,103.0,103.0,103.2,103.5,103.8,104.0,104.2,104.0,103.8,103.8,103.7,103.4,103.2,103.0,102.8,102.7,102.6,102.4,102.3,102.2,102.0,101.9,101.5,101.2,100.9,100.7,100.4,100.3,100.2,100.0,99.8
7.7.5 유형별 주택전세가격지수,아파트,전북,2017.11=100,원자료,53.2,53.6,54.1,54.3,54.6,54.8,54.9,55.2,55.3,55.4,55.6,55.7,55.7,56.2,56.5,57.0,57.3,57.3,57.3,57.7,58.0,58.8,58.8,59.0,59.3,59.5,60.0,60.4,60.6,61.1,61.3,61.6,62.0,62.5,63.0,63.5,63.9,64.3,64.4,64.6,65.0,65.0,65.1,65.2,65.3,65.5,65.8,66.1,66.5,66.8,67.3,68.4,68.9,70.0,70.5,70.8,70.9,70.8,70.4,70.1,69.7,69.6,70.2,70.6,70.8,71.0,71.3,71.7,72.2,73.0,73.8,74.3,74.6,75.2,75.9,76.3,76.7,77.5,78.7,79.0,79.6,80.1,81.1,81.8,82.5,84.0,85.2,86.4,87.3,88.1,88.8,89.8,91.1,92.0,93.0,93.6,94.5,94.6,95.2,95.6,95.4,95.4,94.9,94.8,94.5,94.7,94.5,94.2,93.8,93.9,94.0,94.3,94.4,94.3,94.4,94.5,94.6,94.8,95.0,95.1,95.1,95.1,95.3,95.3,95.3,95.4,95.4,95.4,95.5,95.6,95.7,95.7,95.7,95.8,95.9,96.1,96.2,96.2,96.2,96.4,96.6,96.8,96.9,96.9,97.0,97.0,97.1,97.2,97.3,97.5,97.5,97.6,97.6,97.8,97.9,98.0,98.1,98.2,98.4,98.6,98.8,99.0,99.1,99.3,99.5,99.8,100.0,100.1
7.7.5 유형별 주택전세가격지수,아파트,전남,2017.11=100,원자료,53.2,53.4,53.6,53.9,54.2,53.9,53.9,53.7,53.7,53.6,53.6,53.4,53.3,53.4,53.2,54.1,54.2,54.4,54.8,54.6,54.8,54.9,55.0,55.0,55.3,55.4,55.5,55.6,55.8,55.9,56.1,56.3,56.5,57.1,57.3,57.5,57.7,58.0,58.2,58.4,58.5,58.9,59.2,59.7,60.1,60.4,61.0,61.9,63.5,63.9,64.9,66.6,67.1,67.7,68.4,69.0,70.3,70.8,71.2,71.4,71.1,71.0,71.3,71.4,71.5,71.7,71.7,71.8,72.2,72.7,73.1,73.9,74.4,74.9,75.5,75.8,75.9,76.1,76.4,76.7,77.6,77.8,78.7,79.0,79.5,80.5,81.3,83.0,84.4,85.6,86.0,86.5,87.6,89.0,90.3,91.1,92.4,92.8,91.9,92.7,93.1,93.8,93.8,94.0,94.1,94.3,94.4,94.6,94.6,94.7,94.9,95.2,95.2,95.2,95.0,95.0,95.0,95.1,95.2,95.3,95.3,95.3,95.3,95.3,95.2,95.1,94.9,94.8,94.9,95.0,95.0,95.0,94.9,94.8,95.0,95.4,95.6,96.0,96.2,96.2,96.3,96.4,96.5,96.6,96.7,96.8,96.8,97.0,97.1,97.2,97.2,97.4,97.5,97.6,97.7,98.0,98.1,98.1,98.3,98.5,98.8,98.9,99.1,99.4,99.5,99.8,100.0,100.1
7.7.5 유형별 주택전세가격지수,아파트,경북,2017.11=100,원자료,59.5,59.9,60.0,60.3,60.3,60.4,60.7,60.3,60.2,60.4,60.4,60.3,60.4,60.5,61.1,61.5,61.8,62.3,62.6,62.6,63.0,63.4,63.9,64.0,64.3,65.0,65.6,66.2,67.3,67.5,67.9,68.1,68.5,68.9,69.2,69.5,70.1,70.4,70.8,71.2,71.4,71.5,71.6,71.6,71.7,72.0,72.1,72.2,71.9,71.9,71.9,72.1,72.2,72.2,72.0,71.9,71.8,71.5,71.1,69.5,68.7,68.2,67.9,67.8,67.8,67.9,67.8,67.9,68.2,68.4,68.7,68.8,68.9,69.2,69.4,69.4,69.4,69.4,69.3,69.2,69.2,69.3,69.8,70.3,70.7,71.1,72.3,74.2,74.4,75.0,75.6,76.0,76.7,77.5,78.6,79.4,80.7,81.0,81.8,82.2,82.6,83.0,83.5,84.2,85.2,86.1,86.7,87.3,88.0,88.6,89.3,90.1,90.9,91.5,92.6,93.2,93.8,94.7,95.4,96.1,97.4,98.3,98.8,99.1,99.5,99.7,99.9,100.1,100.3,100.7,101.0,101.3,101.7,102.1,102.6,103.1,103.4,103.8,103.9,104.3,104.7,104.9,105.0,105.0,104.9,104.9,104.7,104.5,104.3,103.9,103.5,103.2,102.9,102.8,102.7,102.4,102.3,102.1,102.0,101.8,101.6,101.4,101.2,100.9,100.6,100.3,100.0,99.7
7.7.5 유형별 주택전세가격지수,아파트,경남,2017.11=100,원자료,56.5,56.6,56.9,57.0,56.9,56.7,56.6,56.2,56.1,56.0,56.0,55.8,55.7,55.6,55.9,55.9,55.9,55.8,55.8,55.7,55.8,56.0,56.1,56.2,56.4,56.6,56.8,57.0,57.3,57.4,57.3,57.5,57.7,57.9,58.1,58.2,58.5,58.6,59.0,59.3,59.6,59.7,60.0,60.1,60.4,60.6,60.9,61.1,61.2,61.4,61.7,62.3,62.4,62.6,62.8,63.2,63.6,64.1,64.5,64.5,64.4,64.5,64.7,64.9,65.0,65.1,65.3,65.3,65.8,66.2,66.8,67.1,67.3,67.8,68.6,69.4,70.3,70.9,71.5,72.1,72.9,73.8,75.9,77.3,78.5,80.5,83.3,87.7,88.3,89.0,89.8,90.8,92.3,93.4,94.2,94.1,94.5,94.4,94.4,94.5,94.3,94.1,93.7,93.4,93.4,93.5,93.7,94.0,94.4,94.7,95.1,95.8,96.5,96.9,97.0,97.1,97.3,97.8,98.1,98.3,98.5,98.7,99.0,99.3,99.5,99.7,99.9,100.1,100.4,100.7,101.0,101.2,101.4,101.5,101.8,102.0,102.1,102.3,102.4,102.5,102.7,102.9,103.0,103.2,103.3,103.4,103.5,103.6,103.7,103.7,103.7,103.7,103.7,103.9,104.0,104.1,104.0,104.0,104.1,103.9,103.6,103.3,102.6,101.9,101.4,100.8,100.0,99.6
7.7.5 유형별 주택전세가격지수,아파트,제주,2017.11=100,원자료,52.5,53.1,53.1,53.1,53.1,53.0,52.9,52.8,52.8,52.7,52.7,52.8,52.9,52.9,52.8,52.8,52.7,52.8,52.8,52.8,52.7,52.7,52.8,52.8,53.1,53.1,53.1,53.2,53.7,53.8,53.5,53.5,53.5,53.6,53.7,54.0,54.2,54.4,54.4,54.4,54.4,54.6,54.4,54.6,54.9,54.9,55.0,55.1,55.1,55.1,55.1,55.1,55.1,55.1,55.2,55.4,55.9,57.1,58.0,58.0,58.8,58.9,58.9,60.1,60.1,60.1,60.0,60.3,60.4,60.4,61.0,61.4,61.5,61.9,62.0,62.5,63.4,64.0,65.0,65.3,65.4,65.5,66.2,66.8,67.4,68.1,68.4,68.8,68.7,69.0,69.5,70.3,71.2,72.4,73.1,74.1,76.6,78.2,78.5,78.9,82.3,82.2,82.3,82.3,82.3,82.3,82.3,82.2,82.5,82.7,82.7,83.1,83.1,83.1,83.1,83.1,83.1,83.3,83.7,84.1,85.2,85.7,86.0,85.9,86.1,86.0,86.1,86.3,86.5,86.9,87.2,88.3,89.3,90.0,90.8,91.4,92.1,92.6,93.3,93.8,94.5,95.0,95.9,97.3,98.3,99.2,99.3,99.3,99.2,99.1,99.0,99.0,99.1,99.3,99.7,100.0,100.2,100.3,100.3,100.2,100.1,99.9,99.9,99.9,100.0,100.0,100.0,100.0
7.7.5 유형별 주택전세가격지수,아파트,6대광역시,2017.11=100,원자료,55.3,55.5,55.8,55.9,55.9,55.6,55.2,54.9,54.8,54.8,54.5,54.1,53.8,54.0,54.3,54.5,54.7,54.7,54.7,54.8,55.2,55.5,55.6,55.7,55.9,56.1,56.4,56.6,56.7,56.8,56.7,56.7,57.0,57.4,57.9,58.2,58.5,58.7,58.8,59.0,59.0,59.0,59.0,59.0,59.1,59.2,59.3,59.4,59.5,59.5,59.8,60.1,60.3,60.5,60.7,60.9,61.3,61.6,61.6,61.3,60.9,60.6,60.6,60.6,60.7,60.7,60.9,61.2,62.0,62.4,63.0,63.3,63.6,64.4,64.9,65.5,66.0,66.4,66.7,67.2,67.6,68.2,69.1,69.9,70.6,71.8,73.2,75.1,75.5,76.2,76.9,77.7,78.7,79.5,80.3,80.5,81.0,81.0,81.3,81.5,81.7,81.8,81.7,81.6,81.8,82.0,82.4,82.6,82.8,83.1,83.4,84.0,84.5,84.8,85.2,85.6,86.1,86.7,87.3,87.8,88.4,88.9,89.5,89.8,89.9,90.1,90.3,90.5,90.8,91.1,91.4,91.7,92.0,92.3,92.8,93.6,94.2,94.8,95.2,95.5,96.0,96.5,97.0,97.3,97.4,97.6,97.7,97.9,98.0,98.1,98.2,98.3,98.4,98.7,98.9,99.0,99.1,99.2,99.3,99.4,99.5,99.6,99.6,99.7,99.8,99.9,100.0,100.0
7.7.5 유형별 주택전세가격지수,아파트,9개도,2017.11=100,원자료,51.9,52.2,52.5,52.7,52.6,52.3,51.9,51.3,51.0,50.8,50.5,50.1,49.8,50.2,50.8,51.3,51.7,52.1,52.4,52.7,53.4,54.0,54.3,54.3,54.5,54.8,55.3,55.7,56.1,56.2,56.2,56.5,57.0,57.8,58.6,59.0,59.4,59.7,60.1,60.3,60.3,60.3,60.3,60.4,60.6,60.8,60.9,60.9,61.0,61.2,61.6,62.2,62.4,62.7,62.9,63.0,63.3,63.4,63.1,62.1,61.2,61.0,61.1,61.2,61.5,61.7,61.9,62.3,63.3,63.8,64.1,64.2,64.3,64.7,65.2,65.6,65.9,66.1,66.3,66.5,67.0,67.7,68.6,69.2,69.9,71.4,73.3,75.1,75.3,75.9,76.7,77.9,79.3,80.2,80.7,80.7,81.2,81.4,81.5,81.6,81.7,81.7,81.5,81.5,81.7,82.0,82.2,82.4,82.6,82.8,83.1,83.7,84.1,84.3,84.6,85.0,85.6,86.4,87.0,87.5,88.2,88.9,89.6,89.8,89.8,90.0,90.3,90.6,91.1,91.6,92.0,92.4,92.8,93.3,93.9,94.6,95.2,95.8,96.2,96.6,97.1,97.6,98.0,98.3,98.4,98.6,98.7,98.9,99.1,99.2,99.3,99.4,99.4,99.6,99.8,99.9,99.9,99.9,100.0,100.0,100.1,100.1,100.1,100.1,100.1,100.1,100.0,99.8
7.7.5 유형별 주택전세가격지수,연립다세대,전국,2017.11=100,원자료,67.0,66.9,67.1,67.1,66.7,66.1,65.3,64.7,64.2,63.6,62.7,61.9,61.5,61.5,61.7,61.8,61.7,61.5,61.3,61.3,61.6,61.9,62.0,62.1,62.3,62.5,63.0,63.5,63.7,63.9,64.0,64.3,64.9,65.7,66.6,67.1,67.5,68.0,68.5,69.1,69.5,69.7,70.1,70.3,71.0,71.5,71.9,72.1,72.4,72.8,73.8,74.5,75.1,76.1,76.8,77.4,78.0,78.3,78.1,77.2,76.6,76.4,76.3,76.4,76.5,76.7,76.8,77.2,78.1,78.7,78.9,79.0,79.2,79.5,80.0,80.5,80.8,81.1,81.2,81.4,82.0,82.7,83.2,83.5,84.0,85.1,85.9,86.9,87.0,87.4,87.8,88.7,89.6,90.3,90.5,90.5,90.8,91.0,91.0,91.0,91.0,91.0,90.9,90.9,91.1,91.4,91.6,91.8,91.9,92.0,92.3,92.5,92.7,92.8,93.0,93.3,93.6,94.0,94.3,94.5,94.7,95.0,95.1,95.2,95.2,95.2,95.2,95.3,95.4,95.5,95.7,95.8,96.0,96.2,96.4,96.6,96.8,97.1,97.3,97.5,97.7,98.0,98.2,98.4,98.5,98.5,98.6,98.7,98.7,98.8,98.8,98.9,99.0,99.0,99.1,99.1,99.1,99.2,99.2,99.3,99.4,99.5,99.6,99.7,99.8,99.9,100.0,100.0
7.7.5 유형별 주택전세가격지수,연립다세대,수도권,2017.11=100,원자료,62.6,62.5,62.7,62.7,62.3,61.5,60.8,60.1,59.5,58.8,57.9,57.1,56.6,56.6,56.8,56.9,56.8,56.5,56.4,56.4,56.8,57.1,57.2,57.3,57.5,57.8,58.4,59.0,59.3,59.6,59.8,60.0,60.7,61.8,62.8,63.4,64.0,64.6,65.3,66.1,66.6,66.9,67.4,67.7,68.6,69.3,69.9,70.1,70.6,71.0,72.3,73.2,74.1,75.4,76.2,77.0,77.8,78.2,77.9,76.7,75.9,75.7,75.5,75.6,75.7,75.9,76.0,76.5,77.5,78.2,78.4,78.4,78.6,78.9,79.5,80.0,80.2,80.5,80.6,80.8,81.4,82.1,82.7,83.0,83.5,84.6,85.3,86.2,86.4,86.7,87.2,88.1,89.0,89.6,89.7,89.6,89.8,89.9,90.0,89.9,89.8,89.8,89.7,89.7,90.0,90.3,90.5,90.7,90.8,91.0,91.3,91.5,91.6,91.7,92.0,92.3,92.8,93.2,93.5,93.7,93.9,94.2,94.4,94.4,94.3,94.4,94.4,94.5,94.5,94.6,94.8,94.9,95.1,95.3,95.6,95.8,96.0,96.4,96.6,96.8,97.1,97.4,97.7,97.9,98.0,98.0,98.1,98.2,98.3,98.4,98.4,98.5,98.6,98.6,98.7,98.7,98.8,98.8,98.9,99.0,99.1,99.3,99.4,99.5,99.7,99.8,100.0,100.1
7.7.5 유형별 주택전세가격지수,연립다세대,지방,2017.11=100,원자료,78.5,78.3,78.4,78.5,78.3,77.8,77.1,76.6,76.4,76.0,75.2,74.6,74.4,74.2,74.6,74.6,74.7,74.5,74.3,74.1,74.3,74.6,74.7,74.6,74.7,74.8,75.0,75.2,75.0,75.0,75.0,75.1,75.6,75.8,76.1,76.3,76.3,76.3,76.5,76.6,76.5,76.6,76.7,76.8,76.8,76.9,76.9,76.9,76.9,76.9,77.3,77.5,77.7,77.9,78.1,78.3,78.6,78.6,78.6,78.3,78.1,78.1,78.1,78.2,78.5,78.5,78.5,78.8,79.5,79.8,80.1,80.5,80.6,80.8,81.2,81.6,82.0,82.4,82.6,82.9,83.3,84.0,84.5,84.9,85.3,86.3,87.2,88.5,88.5,89.0,89.5,90.0,91.1,91.7,92.2,92.6,93.4,93.5,93.6,93.8,93.8,93.8,93.8,93.8,93.9,94.1,94.2,94.4,94.5,94.5,94.7,95.1,95.2,95.4,95.5,95.6,95.7,95.9,96.1,96.4,96.6,96.8,96.9,97.1,97.2,97.2,97.3,97.4,97.6,97.7,97.8,97.9,98.1,98.2,98.4,98.6,98.7,98.8,99.0,99.1,99.3,99.4,99.6,99.6,99.7,99.7,99.8,99.8,99.8,99.8,99.8,99.9,99.9,99.9,100.0,100.0,100.0,100.0,100.0,100.1,100.1,100.1,100.1,100.1,100.1,100.0,100.0,100.0
7.7.5 유형별 주택전세가격지수,연립다세대,5대광역시,2017.11=100,원자료,78.3,78.0,78.2,78.2,77.7,77.2,76.4,75.8,75.6,75.0,74.3,73.6,73.4,73.2,73.5,73.4,73.4,73.0,72.8,72.7,72.9,73.2,73.4,73.3,73.4,73.5,73.6,73.9,74.1,74.0,73.7,73.9,74.4,74.7,75.1,75.2,75.2,75.0,75.2,75.3,75.3,75.3,75.4,75.5,75.7,75.6,75.7,75.7,75.9,75.9,76.5,76.7,76.9,77.1,77.2,77.2,77.1,77.2,77.3,77.0,77.1,77.2,77.3,77.4,77.8,77.8,77.8,78.2,79.1,79.4,79.8,80.1,80.3,80.5,80.9,81.4,81.9,82.5,82.7,83.0,83.3,84.3,84.9,85.2,85.7,86.7,87.6,89.5,89.5,90.1,90.7,91.2,92.4,93.0,93.7,94.0,94.5,94.5,94.5,94.7,94.5,94.5,94.3,94.3,94.3,94.4,94.6,94.7,94.8,94.8,94.9,95.1,95.2,95.3,95.5,95.5,95.6,95.8,95.9,96.1,96.2,96.3,96.6,96.7,96.8,96.8,97.0,97.1,97.3,97.4,97.5,97.6,97.8,97.9,98.1,98.2,98.3,98.5,98.7,98.8,98.9,99.1,99.3,99.2,99.3,99.3,99.3,99.4,99.4,99.4,99.4,99.5,99.6,99.7,99.7,99.7,99.8,99.8,99.9,99.9,99.9,100.0,100.0,100.0,100.0,100.0,100.0,100.0
7.7.5 유형별 주택전세가격지수,연립다세대,8개도,2017.11=100,원자료,78.6,78.6,78.6,78.7,78.8,78.3,77.9,77.4,77.2,77.0,76.2,75.7,75.5,75.3,75.6,75.9,75.9,75.9,75.8,75.6,75.7,76.0,76.0,76.0,76.0,76.1,76.4,76.4,76.0,76.1,76.3,76.4,76.8,76.8,77.1,77.5,77.6,77.7,77.8,77.8,77.8,77.9,78.0,78.1,78.0,78.2,78.1,78.0,77.9,78.0,78.1,78.2,78.4,78.7,79.1,79.5,80.2,80.1,80.0,79.6,79.2,78.9,78.9,79.0,79.2,79.2,79.3,79.3,79.9,80.2,80.4,80.8,80.9,81.0,81.4,81.7,82.0,82.4,82.4,82.6,83.2,83.6,84.2,84.5,84.9,85.8,86.7,87.3,87.4,87.8,88.2,88.8,89.8,90.3,90.6,91.2,92.3,92.5,92.7,92.9,93.0,93.2,93.3,93.4,93.5,93.7,93.9,94.1,94.2,94.3,94.5,95.0,95.2,95.3,95.5,95.6,95.8,96.0,96.3,96.6,96.9,97.1,97.3,97.4,97.5,97.6,97.6,97.6,97.8,97.9,98.0,98.2,98.3,98.5,98.7,98.9,99.0,99.2,99.3,99.4,99.6,99.7,99.8,100.0,100.1,100.1,100.2,100.3,100.3,100.2,100.2,100.2,100.2,100.2,100.2,100.2,100.2,100.2,100.2,100.3,100.2,100.2,100.2,100.2,100.1,100.1,100.0,99.9
7.7.5 유형별 주택전세가격지수,연립다세대,서울,2017.11=100,원자료,63.6,63.4,63.4,63.3,62.8,61.8,60.9,60.4,59.5,58.9,58.0,57.2,56.6,56.6,56.6,56.6,56.5,56.2,56.1,56.2,56.5,56.8,56.9,57.0,57.2,57.5,58.0,58.4,58.6,58.8,58.9,59.2,59.9,60.7,61.6,62.1,62.5,63.1,63.6,64.1,64.5,64.7,65.3,65.6,66.6,67.3,67.7,68.1,68.6,69.3,70.4,71.4,72.2,73.3,73.9,74.4,75.0,75.5,75.0,73.6,72.5,72.3,72.2,72.3,72.4,72.6,73.0,73.5,74.9,75.9,76.2,76.3,76.4,76.9,77.6,78.2,78.3,78.4,78.5,78.7,79.3,79.9,80.3,80.6,81.3,82.3,83.1,83.6,84.0,84.3,84.8,86.1,86.9,87.7,87.7,87.7,87.7,87.9,88.1,88.1,87.9,87.9,87.8,87.8,88.3,88.8,89.0,89.2,89.4,89.7,90.1,90.3,90.5,90.6,90.9,91.3,91.8,92.2,92.5,92.7,92.9,93.2,93.4,93.4,93.4,93.5,93.5,93.5,93.7,93.8,94.0,94.1,94.3,94.5,94.7,94.9,95.2,95.5,95.8,96.0,96.3,96.6,97.0,97.2,97.4,97.4,97.5,97.6,97.7,97.8,97.9,97.9,98.0,98.2,98.3,98.3,98.4,98.4,98.5,98.7,98.9,99.1,99.3,99.5,99.6,99.8,100.0,100.1
7.7.5 유형별 주택전세가격지수,연립다세대,경기,2017.11=100,원자료,61.5,61.6,61.9,62.1,61.9,61.3,60.7,60.1,59.8,59.1,58.2,57.1,56.7,57.1,57.5,57.7,57.6,57.6,57.5,57.5,58.2,58.5,58.6,58.7,58.8,59.2,59.9,60.7,61.3,61.5,61.7,62.0,62.9,64.4,65.9,66.7,67.6,68.3,69.2,70.1,70.5,70.8,71.1,71.5,72.3,72.9,73.5,73.7,74.0,74.3,75.5,76.2,76.8,77.8,78.7,79.1,79.4,79.4,78.9,77.7,76.9,76.7,76.6,76.7,76.6,76.7,76.6,77.2,77.7,78.1,78.2,78.2,78.4,78.5,79.1,79.7,80.0,80.2,80.3,80.6,81.1,82.1,82.8,83.2,83.7,84.8,85.7,87.0,87.0,87.4,88.0,88.9,90.0,90.9,91.0,90.9,91.2,91.3,91.3,91.1,91.1,91.0,90.9,90.8,91.1,91.5,91.7,91.9,92.1,92.2,92.4,92.5,92.6,92.8,92.9,93.3,93.7,94.1,94.3,94.5,94.9,95.2,95.4,95.3,95.3,95.3,95.4,95.4,95.3,95.4,95.6,95.7,95.8,96.0,96.3,96.5,96.8,97.1,97.4,97.5,97.8,98.1,98.3,98.5,98.5,98.5,98.6,98.6,98.7,98.8,98.9,98.9,98.9,99.0,99.0,99.1,99.1,99.1,99.1,99.2,99.3,99.4,99.5,99.6,99.7,99.9,100.0,100.0
7.7.5 유형별 주택전세가격지수,연립다세대,인천,2017.11=100,원자료,62.2,61.8,62.1,62.0,61.6,61.0,60.5,59.5,58.8,57.8,56.8,56.4,55.9,55.5,55.6,55.7,55.3,54.9,54.6,54.5,54.6,54.6,54.7,54.6,55.4,55.6,56.0,56.7,56.9,57.4,57.7,57.9,58.2,58.8,59.2,59.6,60.4,60.8,61.4,62.7,63.9,64.6,65.1,65.3,66.1,66.9,67.8,68.0,68.6,68.5,70.6,71.5,73.3,75.6,77.3,79.9,82.3,83.4,84.0,83.8,83.6,83.3,82.8,82.8,83.4,83.8,83.7,84.0,84.3,84.8,85.0,85.2,85.6,85.6,85.9,86.2,86.6,87.1,87.4,87.7,88.4,88.6,89.0,89.3,89.3,90.5,90.9,91.7,92.0,92.0,92.1,92.1,92.3,92.3,92.4,92.3,92.2,92.2,92.2,92.2,92.2,92.1,92.2,92.3,92.2,92.2,92.0,91.9,91.9,91.9,92.1,92.4,92.5,92.6,92.8,93.1,93.5,94.0,94.3,94.5,94.4,94.7,94.8,94.8,94.7,94.8,94.7,94.8,94.9,95.2,95.3,95.5,95.8,96.0,96.4,96.5,96.7,97.0,97.3,97.4,97.6,98.0,98.2,98.4,98.5,98.6,98.7,98.8,98.8,99.0,99.0,99.1,99.1,99.1,99.1,99.1,99.1,99.2,99.2,99.2,99.3,99.3,99.4,99.6,99.8,99.9,100.0,100.0
7.7.5 유형별 주택전세가격지수,연립다세대,부산,2017.11=100,원자료,84.1,83.9,84.2,84.2,83.3,82.5,81.5,80.5,80.0,79.2,78.2,77.2,76.6,76.7,76.6,76.1,75.9,75.1,74.6,74.5,74.2,74.8,74.9,74.9,74.7,74.7,74.4,74.4,74.0,73.8,73.7,73.7,74.1,74.3,74.4,74.3,74.3,74.0,74.1,74.3,74.3,74.5,74.4,74.4,74.4,74.3,74.5,74.5,74.7,74.7,75.4,75.8,75.8,76.0,76.1,76.1,75.8,76.0,76.1,76.1,76.1,76.5,76.7,77.1,77.5,77.6,77.6,78.1,79.1,79.5,80.0,80.3,80.3,80.6,81.0,81.8,82.1,82.9,83.3,83.6,83.9,85.0,85.5,86.0,86.7,87.5,88.6,91.6,91.5,92.1,93.0,93.9,94.8,95.8,96.3,96.5,96.8,96.8,96.9,97.0,96.9,96.8,96.8,96.7,96.8,96.9,96.9,96.9,97.0,96.9,97.1,97.1,97.1,97.1,97.1,97.0,96.9,97.0,97.0,97.1,97.1,97.1,97.0,97.1,97.1,97.1,97.2,97.1,97.1,97.2,97.3,97.3,97.4,97.6,97.7,97.8,97.8,98.0,98.2,98.3,98.4,98.5,98.7,98.6,98.6,98.7,98.7,98.8,98.8,98.8,98.9,99.0,99.2,99.3,99.4,99.5,99.6,99.6,99.6,99.7,99.8,99.9,100.0,100.0,100.0,100.0,100.0,100.0
7.7.5 유형별 주택전세가격지수,연립다세대,대구,2017.11=100,원자료,74.5,73.9,73.8,73.9,73.7,73.5,72.1,72.0,71.7,71.3,70.8,70.1,70.6,70.5,71.9,72.6,72.8,72.8,72.8,72.5,73.6,73.9,74.7,74.2,74.5,75.2,75.5,76.4,76.7,76.8,76.4,76.5,76.6,77.1,77.5,77.5,77.5,77.5,77.7,77.7,77.0,77.1,77.6,77.6,78.3,78.1,77.8,78.2,78.2,78.2,78.2,78.4,78.5,78.5,78.5,78.6,79.3,79.5,79.5,78.8,78.6,78.5,78.6,78.3,78.2,78.2,78.2,78.2,78.6,78.6,78.6,78.9,78.9,79.3,79.4,79.4,79.4,79.3,79.3,79.6,80.0,80.8,81.3,81.5,81.9,82.4,82.9,83.3,83.4,84.0,84.5,84.9,86.0,86.3,87.4,88.0,89.2,89.2,89.4,89.5,89.5,89.6,89.6,89.7,89.7,89.9,90.2,90.6,90.7,90.7,90.8,91.3,91.4,92.0,92.6,92.8,93.2,93.6,93.9,94.8,95.2,95.3,96.0,96.3,96.5,96.6,96.8,96.9,97.4,97.4,97.6,97.7,98.0,98.2,98.3,98.5,98.7,98.9,99.4,99.7,99.9,100.2,100.6,100.5,100.5,100.5,100.4,100.4,100.3,100.3,100.3,100.3,100.3,100.3,100.2,100.2,100.2,100.2,100.2,100.2,100.2,100.2,100.2,100.2,100.1,100.0,100.0,100.0
7.7.5 유형별 주택전세가격지수,연립다세대,광주,2017.11=100,원자료,91.0,88.2,90.3,90.0,89.0,87.1,87.1,86.9,90.2,89.8,90.2,90.2,90.2,90.2,90.2,90.2,90.2,90.2,90.2,90.2,90.2,90.8,90.8,90.8,91.3,91.3,91.3,91.3,91.3,91.3,92.0,91.9,91.9,91.9,91.9,91.9,91.1,91.4,91.4,91.4,91.4,90.7,90.7,90.7,92.0,92.2,92.4,92.4,92.4,92.4,92.4,92.3,92.3,92.2,92.1,92.0,90.9,91.0,91.1,90.9,90.7,89.9,89.0,89.0,89.0,89.5,89.5,90.0,90.0,90.0,90.0,90.0,90.0,90.0,89.7,89.5,89.5,88.9,88.2,88.2,88.2,88.2,88.2,88.2,88.6,88.6,89.1,91.3,90.8,91.3,91.6,91.6,91.6,92.3,94.3,94.5,94.9,94.9,94.8,94.8,94.9,94.9,95.0,95.1,95.1,95.1,95.2,95.2,95.3,95.3,95.4,95.6,95.7,96.1,96.1,96.2,96.1,96.1,96.2,96.4,96.4,96.5,96.6,95.9,96.2,96.2,96.3,96.4,96.5,97.0,97.0,97.0,97.2,97.4,97.6,97.2,97.4,97.7,98.1,98.2,98.3,98.6,98.9,98.9,99.0,99.0,99.1,99.2,99.2,99.0,99.0,99.0,99.0,99.0,99.0,99.0,99.1,99.2,99.2,99.3,99.5,99.5,99.5,99.6,99.8,100.0,100.0,100.0
7.7.5 유형별 주택전세가격지수,연립다세대,대전,2017.11=100,원자료,72.5,72.7,72.5,72.8,73.0,72.2,72.1,71.7,71.5,70.5,69.7,69.2,69.0,67.9,67.5,67.4,67.9,67.7,67.5,67.8,67.9,67.7,67.6,67.9,68.0,68.1,68.3,67.9,68.0,68.0,68.0,67.7,67.8,67.8,68.5,68.3,68.4,68.2,68.4,68.4,68.4,68.4,68.7,68.5,68.5,68.7,68.7,68.7,68.7,68.9,69.2,69.2,69.2,69.4,69.9,70.0,70.3,70.3,70.6,71.0,71.7,71.8,71.8,71.8,72.4,72.4,72.4,73.3,74.3,74.7,75.2,76.1,76.8,77.0,78.0,78.5,80.8,82.2,82.4,83.0,83.5,84.1,84.8,85.0,85.7,87.2,88.3,90.4,90.5,91.2,91.6,91.7,93.8,94.4,94.5,94.6,94.7,94.6,94.4,94.3,93.7,93.3,92.6,92.2,92.3,92.5,92.7,92.9,93.1,93.2,93.4,93.9,93.8,93.9,94.1,94.1,94.3,94.7,94.8,94.9,95.1,95.4,96.0,96.6,96.9,96.9,97.1,97.5,98.0,98.5,98.8,98.9,98.9,99.0,99.3,99.3,99.3,99.3,99.3,99.3,99.4,99.5,99.6,99.5,99.5,99.4,99.5,99.7,99.8,99.8,99.8,99.9,99.9,99.8,99.7,99.8,99.9,100.0,100.0,100.0,99.9,99.9,99.9,99.9,99.9,100.0,100.0,100.0
7.7.5 유형별 주택전세가격지수,연립다세대,울산,2017.11=100,원자료,64.5,64.4,64.3,64.3,64.3,64.6,64.5,64.2,64.2,64.5,64.6,64.6,64.6,64.7,65.0,65.0,65.0,65.0,65.0,65.0,65.7,65.6,65.4,65.5,65.6,65.5,66.3,67.7,70.2,70.1,69.3,70.6,73.1,74.4,76.2,77.1,77.2,77.4,78.0,78.4,79.1,78.2,78.5,79.5,79.5,79.5,79.5,79.5,79.5,79.4,81.5,81.7,83.6,83.6,83.5,83.4,81.9,81.9,81.7,80.2,80.0,80.0,79.7,79.7,80.2,80.3,80.3,80.3,81.3,82.1,82.6,82.7,83.2,83.3,83.5,83.5,83.5,83.6,84.4,84.4,84.5,85.9,87.0,87.1,87.3,89.1,89.6,90.0,90.2,90.5,89.9,90.0,91.6,92.1,92.3,92.5,92.9,93.0,93.4,93.8,93.9,94.0,93.9,93.9,93.5,93.7,94.0,94.1,94.1,94.3,94.5,94.7,94.8,95.0,95.0,95.1,95.2,95.2,95.5,95.6,95.8,96.0,96.1,96.1,96.2,96.3,96.8,97.0,97.3,97.4,97.7,98.1,98.3,98.4,98.6,98.8,99.0,99.3,99.4,99.5,99.6,99.7,99.8,99.9,100.1,100.2,100.2,100.3,100.4,100.3,100.5,100.5,100.5,100.4,100.5,100.4,100.5,100.5,100.5,100.5,100.5,100.4,100.3,100.3,100.1,100.1,100.0,99.9
7.7.5 유형별 주택전세가격지수,연립다세대,세종,2017.11=100,원자료,,,,,,,,,,,,,,,,,,,,,,,,,,,,,,,,,,,,,,,,,,,,,,,,,,,,,,,,,,,,,,,,,,,,,,,,,,,,,,,,,,,,,,,,,,,,,,,,,,,,,,,,,,,88.1,88.1,90.1,92.0,93.8,95.5,96.7,97.3,97.9,98.6,99.2,100.3,100.9,101.3,101.9,102.0,102.0,101.6,101.1,100.8,100.5,100.1,100.1,100.1,100.2,99.9,100.3,100.2,100.4,100.4,101.1,101.0,101.0,101.0,100.8,100.8,100.7,100.6,100.5,100.3,100.3,100.3,100.3,100.4,100.4,100.3,100.2,100.2,100.1,100.1,100.1,100.1,99.9,99.7,99.7,99.7,99.7,99.8,99.8,99.9,100.0,100.0
7.7.5 유형별 주택전세가격지수,연립다세대,강원,2017.11=100,원자료,69.9,69.9,69.9,69.9,69.9,70.9,70.4,72.1,74.2,74.5,73.7,73.7,74.0,71.8,71.8,71.8,71.8,71.5,71.5,71.7,71.7,71.7,71.9,71.9,71.9,71.9,74.2,74.2,74.2,74.2,74.2,73.0,77.3,77.3,77.3,76.9,76.9,76.9,76.9,76.9,76.9,76.9,76.9,76.9,76.9,76.9,76.9,76.9,76.9,76.9,76.9,76.9,78.4,78.4,78.4,78.4,78.9,78.9,78.9,78.9,77.1,77.1,77.1,77.1,77.1,77.1,77.1,77.1,77.1,77.1,77.1,77.1,77.1,77.1,77.1,77.1,77.1,78.5,78.5,78.5,78.5,78.5,80.5,80.5,81.5,83.1,84.6,84.6,83.8,84.9,84.9,85.1,88.1,89.4,89.6,89.9,92.1,92.4,92.7,92.8,93.2,93.4,93.6,93.5,93.6,93.7,93.9,94.2,94.2,94.1,94.4,94.7,95.1,95.0,95.0,95.0,95.3,95.4,95.7,96.0,96.0,95.9,95.9,96.1,96.2,96.2,96.2,96.3,96.3,96.3,96.4,96.5,96.5,96.7,96.8,97.0,97.1,97.3,97.3,97.3,97.6,97.8,98.0,98.2,98.3,98.3,98.4,98.4,98.4,98.4,98.4,98.5,98.6,98.7,98.7,98.8,98.8,98.9,98.9,99.0,99.2,99.2,99.5,99.5,99.7,99.9,100.0,100.0
7.7.5 유형별 주택전세가격지수,연립다세대,충북,2017.11=100,원자료,66.9,67.0,67.4,67.4,67.4,67.0,67.2,67.2,67.2,67.2,67.2,66.9,67.1,67.1,67.1,69.1,69.1,68.6,68.6,68.6,68.6,68.6,69.1,69.1,69.2,69.2,69.4,69.4,69.5,69.4,69.5,69.5,70.1,70.1,70.2,70.3,70.4,70.4,70.5,70.6,70.6,70.7,70.7,70.8,70.9,70.9,71.0,70.9,71.0,71.4,72.0,72.0,72.1,72.1,72.1,72.4,72.5,72.5,72.5,72.5,71.7,71.8,71.9,72.0,72.2,72.2,72.1,72.3,74.2,74.7,75.4,75.4,75.4,76.1,77.5,77.5,77.5,78.6,79.3,79.8,80.3,81.2,82.2,82.6,83.3,85.0,87.7,87.7,88.2,88.6,89.0,89.2,90.8,92.5,93.2,93.3,94.1,94.1,93.9,94.4,94.5,94.4,94.4,94.5,94.5,94.4,94.3,94.5,94.8,95.1,95.3,95.7,95.7,95.7,96.0,96.0,96.2,96.2,96.4,96.8,97.0,97.0,97.3,97.3,97.4,97.5,97.3,97.3,97.5,97.7,97.8,98.0,98.1,98.2,98.4,98.6,98.6,98.7,98.7,98.7,98.7,98.8,98.9,98.9,98.9,98.9,99.1,99.2,99.3,99.3,99.3,99.4,99.4,99.4,99.6,99.6,99.6,99.6,99.6,99.7,99.8,99.8,99.9,100.0,100.0,100.1,100.0,100.0
7.7.5 유형별 주택전세가격지수,연립다세대,충남,2017.11=100,원자료,82.8,83.4,82.5,82.7,82.7,81.7,81.7,79.6,79.6,78.7,76.1,76.1,75.6,75.6,77.1,77.1,77.1,76.8,76.8,76.0,76.0,76.5,76.8,76.8,77.2,77.3,77.3,77.1,76.6,76.3,76.6,76.6,76.5,76.5,76.7,76.7,76.7,76.8,77.0,77.2,77.1,77.1,77.9,78.0,78.1,78.8,78.8,78.8,78.8,78.5,78.6,78.6,78.6,78.8,79.4,81.0,81.5,81.5,81.5,81.5,81.5,82.0,82.0,82.0,82.0,82.0,82.1,82.1,82.5,83.9,83.9,83.8,83.8,83.8,83.9,84.1,84.6,84.6,84.6,84.8,85.5,86.5,86.9,86.9,86.9,87.0,87.2,87.4,87.4,87.6,88.6,88.7,90.5,90.6,90.6,90.6,91.3,91.4,91.9,92.1,92.1,92.4,92.8,92.9,92.9,93.4,93.8,94.5,94.8,94.8,95.0,95.2,95.2,95.4,95.5,95.7,95.9,96.1,96.3,96.8,97.1,97.5,97.6,97.6,97.7,97.8,98.0,97.9,98.2,98.3,98.6,98.8,98.8,99.0,99.3,99.6,99.7,99.8,99.9,100.0,100.2,100.3,100.6,100.6,100.6,100.6,100.7,100.8,100.8,100.6,100.3,100.3,100.3,100.3,100.2,100.2,100.2,100.2,100.2,100.2,100.2,100.2,100.1,100.1,100.1,100.1,100.0,99.9
7.7.5 유형별 주택전세가격지수,연립다세대,전북,2017.11=100,원자료,63.5,63.3,63.6,64.0,64.4,64.9,65.2,65.1,63.6,63.6,63.9,62.9,62.9,63.2,63.6,63.7,63.7,64.8,65.0,65.0,65.0,65.2,65.6,65.6,65.6,65.7,65.7,65.7,65.7,65.7,65.7,66.0,66.9,66.8,66.8,66.8,66.9,66.9,68.2,68.2,68.8,68.8,69.0,69.0,69.6,70.0,70.0,70.0,70.0,70.8,70.7,70.7,70.7,72.4,75.1,76.6,77.7,77.7,76.6,76.6,76.6,76.0,76.2,76.5,76.5,76.6,76.6,76.9,77.8,78.0,78.1,78.1,78.5,78.5,79.0,79.1,79.4,79.5,79.5,80.2,83.4,83.4,83.5,83.6,84.3,85.3,85.6,85.8,85.3,85.9,86.7,86.7,87.0,87.0,88.7,92.5,94.4,94.4,94.7,94.7,95.2,95.3,95.3,95.3,95.5,95.5,95.8,96.1,95.8,96.1,96.2,97.0,97.1,97.2,97.2,97.4,97.6,97.7,97.9,97.9,98.1,98.6,98.4,98.5,98.5,98.4,98.4,98.3,98.4,98.4,98.4,98.4,98.4,98.4,98.6,98.8,98.8,98.8,98.9,98.8,98.9,98.9,98.7,98.6,98.7,98.7,98.7,98.8,98.8,98.8,98.8,98.9,98.9,99.0,99.2,99.2,99.1,99.2,99.3,99.3,99.4,99.4,99.4,99.5,99.7,99.9,100.0,100.0
7.7.5 유형별 주택전세가격지수,연립다세대,전남,2017.11=100,원자료,78.7,78.7,78.7,80.7,80.7,80.7,80.7,80.7,80.7,80.7,79.7,79.7,79.7,79.7,78.6,78.6,78.6,78.6,78.9,78.0,78.0,77.5,77.8,76.9,76.9,77.4,77.4,77.5,77.2,77.2,77.3,77.9,77.6,78.7,78.7,78.5,79.1,79.3,79.3,80.0,79.8,79.9,79.9,80.0,79.9,79.9,79.9,79.9,79.9,80.0,80.0,81.4,81.4,81.8,82.8,82.8,82.7,82.7,84.1,82.8,82.8,82.8,83.4,83.2,83.2,83.2,83.2,83.2,83.2,83.2,83.8,83.8,83.7,83.7,84.1,84.2,85.1,85.9,85.9,85.9,86.0,86.1,86.5,86.5,86.9,87.3,87.4,88.0,88.1,88.1,88.1,88.2,88.3,88.3,88.6,88.7,89.8,89.9,90.7,91.0,91.6,92.1,92.1,92.2,92.2,92.5,92.5,92.8,92.8,92.8,93.2,93.8,94.1,94.1,94.3,94.4,94.8,95.1,95.5,95.6,95.5,95.6,96.3,96.6,96.5,96.8,96.6,96.5,96.9,96.9,97.0,97.0,97.2,97.5,97.8,97.8,98.0,98.3,98.4,98.4,98.5,98.7,99.0,99.1,99.1,99.1,99.1,99.2,99.3,99.2,99.3,99.5,99.5,99.5,99.5,99.6,99.6,99.6,99.6,99.7,99.7,99.7,99.6,99.6,99.7,100.0,100.0,100.1
7.7.5 유형별 주택전세가격지수,연립다세대,경북,2017.11=100,원자료,95.7,95.1,94.3,93.1,93.5,92.9,91.7,91.1,90.2,89.9,89.0,88.3,87.6,87.7,88.8,88.9,90.0,90.9,90.9,90.8,91.6,92.3,92.3,91.7,91.7,91.9,91.8,92.0,91.6,91.8,92.2,92.5,92.8,93.1,92.6,92.8,93.4,93.4,93.9,93.9,94.1,94.8,94.4,94.4,93.9,93.9,92.9,92.5,91.7,91.7,91.7,91.7,91.6,91.8,91.8,91.6,93.0,92.3,92.4,90.6,89.9,88.1,87.9,87.9,87.6,87.3,87.3,87.2,88.0,87.9,87.8,87.8,87.4,87.3,87.0,87.4,87.4,87.4,87.2,87.3,87.6,87.8,87.6,87.6,87.6,87.6,87.7,88.2,88.2,88.5,88.7,88.8,88.8,89.2,89.3,89.7,90.2,90.2,90.4,90.5,90.6,90.7,91.2,91.4,91.8,92.2,92.2,92.5,92.7,92.9,93.4,94.0,94.3,94.5,95.0,95.3,95.4,95.7,96.1,96.3,97.0,97.4,97.9,98.1,98.3,98.5,98.5,98.6,99.0,99.1,99.1,99.2,99.4,99.6,99.8,100.0,100.2,100.3,100.4,100.6,100.8,100.9,100.9,100.9,100.9,100.9,100.9,100.9,100.8,100.8,100.8,100.8,100.8,100.7,100.7,100.6,100.6,100.6,100.6,100.6,100.5,100.5,100.4,100.4,100.2,100.1,100.0,99.9
7.7.5 유형별 주택전세가격지수,연립다세대,경남,2017.11=100,원자료,73.1,73.1,74.3,75.0,75.0,74.5,73.6,72.7,72.2,71.9,71.9,70.9,70.7,70.7,70.7,70.6,70.1,69.5,68.9,68.4,68.2,68.7,69.7,70.2,70.3,70.3,70.3,70.3,70.2,70.7,71.1,70.9,71.1,71.0,71.5,73.7,73.1,73.2,72.7,72.6,73.9,73.6,73.9,73.8,73.8,73.8,74.2,74.2,74.5,74.5,74.5,74.1,74.4,74.5,74.7,74.7,74.8,75.0,74.5,74.5,74.5,74.7,74.7,74.7,74.7,74.7,74.7,75.0,75.6,75.7,75.9,77.0,77.2,77.7,78.6,79.5,80.5,80.7,80.8,81.3,81.7,82.3,83.2,84.2,85.1,86.4,88.7,91.0,92.0,92.5,93.2,94.0,95.5,96.0,96.4,96.6,96.7,96.7,96.8,96.7,96.7,96.9,96.8,96.6,96.7,96.9,97.0,96.7,96.8,96.9,97.2,97.5,98.0,98.2,98.2,98.4,98.5,98.9,99.1,99.3,99.3,99.5,99.5,99.6,99.7,99.8,99.8,99.9,100.0,100.1,100.2,100.3,100.5,100.6,100.7,100.8,100.9,100.9,101.0,101.2,101.2,101.3,101.4,101.5,101.6,101.6,101.7,101.8,101.8,101.8,101.8,101.8,101.7,101.6,101.6,101.6,101.5,101.6,101.6,101.6,101.6,101.5,101.4,101.1,100.7,100.4,100.0,99.8
7.7.5 유형별 주택전세가격지수,연립다세대,제주,2017.11=100,원자료,83.7,83.7,83.7,83.7,83.1,81.0,81.0,80.5,80.3,80.3,78.8,78.5,78.5,78.0,78.0,78.0,77.8,77.8,77.7,77.7,77.9,77.8,75.1,74.9,74.9,74.9,75.1,75.1,72.9,72.9,72.6,74.2,72.0,71.9,73.3,73.3,73.3,74.0,74.0,73.6,70.6,70.6,70.6,71.0,70.9,70.9,70.9,70.9,70.9,70.9,70.9,71.9,71.9,71.9,71.9,71.9,73.5,73.9,73.9,73.9,73.4,73.4,73.4,73.4,75.7,76.4,76.4,76.4,76.4,76.4,76.9,78.7,79.7,79.7,79.9,79.9,79.9,79.9,79.9,79.9,79.9,80.4,80.4,81.4,80.8,83.2,83.2,83.2,83.2,83.2,83.2,86.4,86.4,86.4,86.4,86.8,89.7,91.1,91.2,91.4,91.4,91.4,91.4,91.4,91.4,91.4,91.4,91.4,91.4,91.4,91.4,91.6,91.7,91.7,91.7,91.7,91.7,91.8,92.1,92.9,93.3,93.6,93.7,93.7,93.6,93.5,93.6,93.7,93.8,94.0,94.1,94.7,95.1,95.4,95.8,96.0,96.2,96.5,97.0,97.3,97.6,97.7,98.2,98.9,99.9,100.1,100.2,100.2,100.2,100.2,100.1,100.1,100.1,100.2,100.2,100.3,100.3,100.3,100.3,100.2,99.8,99.7,99.7,99.9,99.9,99.9,100.0,100.0
7.7.5 유형별 주택전세가격지수,연립다세대,6대광역시,2017.11=100,원자료,71.0,70.6,70.9,70.8,70.4,69.8,69.2,68.4,67.9,67.1,66.3,65.7,65.3,65.1,65.3,65.3,65.1,64.7,64.4,64.3,64.5,64.6,64.8,64.7,65.1,65.3,65.5,66.0,66.2,66.4,66.4,66.6,67.0,67.4,67.9,68.1,68.5,68.6,68.9,69.6,70.2,70.5,70.8,71.0,71.4,71.8,72.2,72.4,72.7,72.6,73.9,74.5,75.4,76.5,77.2,78.3,79.2,79.8,80.0,79.9,79.8,79.8,79.6,79.7,80.1,80.3,80.3,80.6,81.3,81.7,82.0,82.3,82.5,82.7,83.0,83.4,83.8,84.4,84.7,85.0,85.5,86.1,86.6,86.9,87.3,88.3,89.0,90.5,90.6,90.9,91.3,91.6,92.3,92.7,93.1,93.2,93.5,93.5,93.5,93.6,93.5,93.4,93.4,93.4,93.4,93.4,93.5,93.5,93.5,93.5,93.7,94.0,94.0,94.2,94.3,94.5,94.7,95.0,95.2,95.4,95.4,95.7,95.8,95.9,95.9,96.0,96.0,96.1,96.3,96.5,96.6,96.7,97.0,97.1,97.4,97.5,97.6,97.8,98.1,98.2,98.4,98.6,98.8,98.9,98.9,99.0,99.1,99.1,99.1,99.2,99.2,99.3,99.4,99.4,99.4,99.5,99.5,99.5,99.6,99.6,99.6,99.7,99.7,99.8,99.9,100.0,100.0,100.0
7.7.5 유형별 주택전세가격지수,연립다세대,9개도,2017.11=100,원자료,67.3,67.4,67.5,67.7,67.6,67.0,66.5,65.9,65.7,65.1,64.2,63.3,63.0,63.1,63.5,63.7,63.7,63.7,63.6,63.5,64.1,64.4,64.5,64.5,64.6,64.9,65.5,66.1,66.3,66.5,66.7,66.9,67.7,68.7,69.8,70.4,71.1,71.6,72.2,72.9,73.1,73.3,73.5,73.8,74.4,74.8,75.2,75.3,75.4,75.7,76.4,76.9,77.4,78.1,78.8,79.2,79.7,79.7,79.3,78.4,77.7,77.5,77.4,77.5,77.6,77.6,77.6,77.9,78.5,78.9,79.0,79.1,79.3,79.5,79.9,80.4,80.7,81.0,81.1,81.3,81.9,82.7,83.3,83.7,84.1,85.2,86.1,87.1,87.2,87.6,88.1,88.9,90.0,90.7,90.9,91.0,91.6,91.7,91.8,91.7,91.8,91.8,91.7,91.7,91.9,92.2,92.4,92.7,92.8,92.9,93.2,93.4,93.5,93.7,93.8,94.1,94.4,94.7,95.0,95.2,95.6,95.9,96.1,96.1,96.1,96.1,96.1,96.2,96.2,96.3,96.4,96.6,96.7,96.9,97.2,97.4,97.6,97.8,98.0,98.2,98.4,98.6,98.8,99.0,99.1,99.1,99.2,99.2,99.3,99.3,99.3,99.4,99.4,99.4,99.4,99.5,99.5,99.5,99.5,99.6,99.6,99.7,99.7,99.8,99.9,99.9,100.0,100.0
7.7.5 유형별 주택전세가격지수,단독주택,전국,2017.11=100,원자료,92.8,92.3,91.9,91.6,91.3,90.2,89.5,88.7,88.2,87.6,86.8,85.9,85.5,85.2,85.2,85.1,84.7,84.6,84.4,84.2,84.3,84.4,84.3,84.2,84.4,84.4,84.5,84.4,84.3,84.2,84.2,84.2,84.6,84.9,85.0,85.1,85.2,85.3,85.5,85.6,85.7,85.8,85.9,86.0,86.4,86.5,86.8,86.9,87.0,87.3,88.0,88.4,88.7,89.2,89.4,89.6,89.9,89.9,89.8,89.4,88.9,88.8,88.8,88.8,88.8,88.9,88.9,89.0,89.5,89.7,89.8,89.9,90.0,90.0,90.2,90.5,90.7,91.0,91.1,91.1,91.4,91.8,92.0,92.2,92.4,92.8,93.7,94.4,94.4,94.6,94.9,95.2,95.7,96.1,96.3,96.5,96.8,96.8,96.6,96.7,96.7,96.7,96.7,96.7,96.8,96.8,96.9,96.9,97.0,97.1,97.2,97.3,97.4,97.4,97.4,97.5,97.6,97.7,97.8,97.9,97.9,98.0,98.0,98.0,98.0,98.0,97.9,97.9,98.0,98.0,98.1,98.1,98.2,98.3,98.3,98.4,98.4,98.5,98.6,98.7,98.8,98.9,99.1,99.1,99.2,99.2,99.3,99.3,99.3,99.3,99.3,99.3,99.4,99.4,99.4,99.5,99.5,99.5,99.6,99.6,99.7,99.7,99.8,99.9,99.9,100.0,100.0,100.0
7.7.5 유형별 주택전세가격지수,단독주택,수도권,2017.11=100,원자료,83.4,83.2,83.0,82.7,82.0,80.6,79.6,78.2,77.3,76.5,75.3,74.3,73.8,73.6,73.4,73.1,72.7,72.5,72.0,71.9,72.1,72.2,72.0,71.9,72.0,72.1,72.5,72.8,72.9,73.1,73.2,73.4,74.3,75.0,75.8,76.3,76.8,77.1,77.5,78.0,78.3,78.5,78.7,79.0,79.8,80.3,80.9,81.2,81.4,82.0,83.2,84.3,84.9,85.9,86.4,86.6,87.0,87.2,87.0,86.1,85.7,85.7,85.6,85.7,85.7,85.8,85.9,86.3,87.1,87.5,87.6,87.5,87.7,87.8,88.2,88.4,88.6,88.8,88.8,88.9,89.3,89.8,90.1,90.3,90.6,91.3,92.6,92.7,92.8,93.3,93.7,94.1,94.6,94.9,95.1,95.1,95.2,95.2,95.3,95.2,95.1,95.1,95.0,94.9,95.1,95.2,95.3,95.3,95.3,95.4,95.7,96.0,96.0,96.0,96.2,96.4,96.5,96.8,97.0,97.0,97.1,97.2,97.3,97.2,97.2,97.2,97.2,97.2,97.2,97.3,97.5,97.5,97.6,97.7,97.8,97.9,98.0,98.2,98.3,98.4,98.5,98.7,98.8,98.9,98.9,98.9,99.0,99.0,99.0,99.1,99.1,99.1,99.1,99.1,99.2,99.2,99.2,99.2,99.3,99.4,99.4,99.5,99.6,99.7,99.8,99.9,100.0,100.0
7.7.5 유형별 주택전세가격지수,단독주택,지방,2017.11=100,원자료,96.1,95.6,95.0,94.8,94.6,93.7,93.1,92.5,92.1,91.6,90.9,90.2,89.8,89.3,89.4,89.5,89.1,89.1,88.9,88.7,88.8,88.9,88.8,88.8,88.9,88.9,88.9,88.6,88.4,88.2,88.2,88.1,88.3,88.4,88.4,88.2,88.2,88.2,88.3,88.3,88.3,88.3,88.4,88.4,88.6,88.7,88.9,88.9,89.0,89.1,89.6,89.8,89.9,90.3,90.4,90.6,90.8,90.8,90.8,90.6,90.0,89.9,89.9,89.8,89.9,89.9,89.9,89.9,90.2,90.4,90.5,90.7,90.7,90.8,90.9,91.2,91.5,91.7,91.8,91.8,92.1,92.4,92.6,92.8,93.0,93.3,94.1,94.9,94.9,95.0,95.3,95.5,96.1,96.4,96.7,97.0,97.3,97.3,97.1,97.2,97.3,97.3,97.3,97.3,97.3,97.4,97.4,97.5,97.5,97.6,97.6,97.7,97.8,97.8,97.8,97.8,97.9,98.0,98.1,98.2,98.2,98.2,98.2,98.2,98.3,98.3,98.2,98.2,98.2,98.3,98.3,98.3,98.4,98.5,98.5,98.5,98.6,98.6,98.7,98.8,98.9,99.0,99.1,99.2,99.3,99.3,99.4,99.4,99.4,99.4,99.4,99.4,99.4,99.5,99.5,99.6,99.6,99.6,99.6,99.7,99.8,99.8,99.9,99.9,99.9,100.0,100.0,100.0
7.7.5 유형별 주택전세가격지수,단독주택,5대광역시,2017.11=100,원자료,97.4,96.9,96.6,96.5,96.1,94.7,93.8,92.7,92.2,91.9,90.9,90.3,89.8,89.7,89.7,89.8,89.5,89.4,89.4,89.2,89.3,89.4,89.3,89.3,89.3,89.2,89.6,89.6,89.6,89.6,89.3,89.2,89.5,89.8,89.9,89.9,89.9,89.9,90.1,90.2,90.3,90.2,90.2,90.3,90.3,90.3,90.5,90.5,90.6,90.7,90.9,91.0,91.0,91.1,91.1,91.0,91.2,91.2,91.0,90.5,90.2,90.2,90.0,90.0,90.0,90.0,90.0,90.0,90.4,90.6,90.7,90.9,91.0,91.1,91.1,91.5,91.6,91.8,91.9,92.2,92.4,92.7,93.0,93.3,93.5,93.9,94.6,95.3,95.2,95.5,96.1,96.4,96.9,97.2,97.5,97.7,97.9,97.9,98.0,98.1,98.1,98.0,98.1,98.0,98.0,98.0,98.0,98.1,98.1,98.1,98.1,98.2,98.2,98.2,98.2,98.1,98.1,98.2,98.3,98.3,98.2,98.2,98.2,98.2,98.2,98.1,98.0,98.1,98.1,98.2,98.2,98.2,98.3,98.3,98.4,98.3,98.4,98.5,98.7,98.9,99.0,99.2,99.4,99.4,99.4,99.4,99.5,99.5,99.6,99.6,99.5,99.5,99.6,99.6,99.6,99.7,99.7,99.8,99.8,99.8,99.9,100.0,100.0,100.0,100.0,100.0,100.0,100.0
7.7.5 유형별 주택전세가격지수,단독주택,8개도,2017.11=100,원자료,95.8,95.2,94.6,94.4,94.1,93.4,92.9,92.4,92.1,91.5,91.0,90.2,89.8,89.3,89.4,89.5,89.1,89.0,88.8,88.5,88.7,88.8,88.6,88.6,88.8,88.8,88.7,88.3,88.1,87.9,87.9,87.8,87.9,88.0,87.9,87.8,87.8,87.7,87.8,87.8,87.8,87.8,87.9,88.0,88.2,88.3,88.4,88.4,88.6,88.7,89.3,89.5,89.6,90.1,90.3,90.5,90.7,90.7,90.8,90.6,90.0,89.8,89.9,89.7,89.9,89.9,89.9,89.9,90.2,90.3,90.5,90.6,90.7,90.7,90.9,91.1,91.4,91.7,91.8,91.8,92.0,92.3,92.5,92.7,92.9,93.2,94.0,94.8,94.8,94.9,95.1,95.3,95.9,96.2,96.6,96.8,97.1,97.1,96.9,96.9,97.1,97.1,97.1,97.1,97.2,97.2,97.3,97.3,97.4,97.5,97.5,97.6,97.7,97.7,97.7,97.8,97.9,98.0,98.1,98.1,98.2,98.2,98.3,98.3,98.3,98.3,98.2,98.2,98.3,98.3,98.3,98.3,98.4,98.5,98.6,98.6,98.6,98.7,98.8,98.8,98.9,99.0,99.1,99.2,99.3,99.3,99.3,99.4,99.4,99.4,99.4,99.4,99.4,99.4,99.5,99.5,99.6,99.6,99.6,99.7,99.7,99.8,99.8,99.9,99.9,100.0,100.0,100.0
7.7.5 유형별 주택전세가격지수,단독주택,서울,2017.11=100,원자료,80.2,79.9,79.6,79.3,78.5,77.2,76.0,74.7,73.9,72.9,71.7,70.6,69.9,69.7,69.7,69.3,68.8,68.5,67.9,67.6,67.8,67.9,67.6,67.4,67.6,67.9,68.4,68.8,69.1,69.3,69.5,69.7,70.5,71.2,72.1,72.7,73.2,73.5,74.0,74.6,74.8,75.0,75.4,75.8,76.9,77.4,78.3,78.5,78.8,79.4,81.0,82.3,82.9,84.0,84.5,84.7,85.0,85.3,85.0,84.0,83.7,83.7,83.6,83.8,83.8,84.0,84.1,84.4,85.5,86.0,86.1,86.1,86.4,86.6,87.0,87.2,87.4,87.5,87.7,87.9,88.2,88.7,89.0,89.3,89.7,90.5,91.0,91.6,91.6,92.0,92.4,92.9,93.6,93.9,94.0,94.0,94.0,93.7,93.9,93.7,93.6,93.5,93.4,93.3,93.6,93.8,93.9,94.0,94.1,94.2,94.6,95.0,95.1,95.2,95.4,95.7,95.8,96.1,96.2,96.3,96.3,96.5,96.6,96.5,96.5,96.5,96.5,96.4,96.5,96.7,96.8,96.8,96.9,97.0,97.1,97.1,97.3,97.5,97.7,97.8,98.0,98.2,98.4,98.5,98.6,98.6,98.6,98.7,98.7,98.7,98.8,98.8,98.8,98.9,99.0,99.0,99.0,99.1,99.1,99.3,99.4,99.5,99.6,99.7,99.7,99.8,100.0,100.1
7.7.5 유형별 주택전세가격지수,단독주택,경기,2017.11=100,원자료,85.3,85.1,84.9,84.6,84.0,82.5,81.7,80.1,79.2,78.6,77.4,76.5,76.1,76.1,75.7,75.5,75.0,74.8,74.3,74.5,74.7,74.9,74.7,74.9,74.7,74.7,75.1,75.4,75.2,75.5,75.6,75.7,76.7,77.6,78.4,78.9,79.5,79.7,80.0,80.7,80.8,80.9,81.1,81.4,81.9,82.4,82.7,83.0,83.2,83.8,84.9,85.9,86.3,87.3,87.7,87.8,88.2,88.4,88.1,87.2,86.6,86.6,86.4,86.4,86.5,86.6,86.7,87.1,87.7,88.0,88.0,87.8,87.8,88.0,88.4,88.6,88.7,89.0,88.9,89.0,89.3,89.9,90.2,90.4,90.7,91.2,93.4,93.4,93.2,93.7,94.4,94.7,94.9,95.3,95.6,95.6,95.9,96.0,96.0,96.0,96.0,95.9,95.9,95.9,95.9,96.0,96.0,96.0,96.1,96.2,96.4,96.6,96.5,96.4,96.5,96.7,96.9,97.2,97.4,97.5,97.5,97.6,97.7,97.6,97.6,97.6,97.6,97.6,97.6,97.7,97.8,97.8,98.0,98.1,98.3,98.3,98.4,98.6,98.7,98.7,98.8,99.0,99.1,99.2,99.2,99.2,99.2,99.2,99.3,99.3,99.3,99.3,99.3,99.3,99.3,99.3,99.3,99.4,99.4,99.5,99.5,99.6,99.7,99.8,99.9,99.9,100.0,100.0
7.7.5 유형별 주택전세가격지수,단독주택,인천,2017.11=100,원자료,88.0,88.3,88.6,88.1,87.3,85.8,84.6,84.0,82.6,82.0,81.3,80.4,79.6,78.9,79.0,78.8,79.2,79.0,78.9,78.9,79.0,78.7,78.5,78.2,78.2,78.2,78.6,78.8,78.8,78.7,78.6,78.6,79.3,79.5,79.6,79.9,80.0,80.3,80.5,80.7,81.6,81.6,81.7,81.7,82.2,83.3,83.7,83.6,83.8,83.9,84.4,85.0,86.3,86.4,87.6,88.1,89.0,89.4,89.4,89.1,88.9,89.5,89.4,89.5,89.4,89.6,89.5,90.0,90.3,91.3,91.6,91.2,91.3,91.3,91.8,91.9,92.2,92.3,92.6,92.2,93.0,93.1,93.4,93.3,93.2,94.0,94.4,94.0,95.5,95.7,96.0,96.0,96.4,96.5,96.4,96.6,96.6,96.5,96.8,96.8,96.7,96.8,96.7,96.7,96.7,96.8,96.6,96.4,96.1,96.1,96.5,96.7,96.8,97.0,97.2,97.1,97.2,97.3,97.4,97.4,97.6,97.8,97.9,97.9,97.8,97.8,97.8,97.9,98.0,98.0,98.2,98.2,98.2,98.2,98.4,98.4,98.4,98.5,98.6,98.7,98.7,98.8,98.8,98.8,98.8,98.9,99.0,99.0,99.0,99.0,99.1,99.1,99.1,99.1,99.1,99.1,99.1,99.1,99.2,99.3,99.3,99.4,99.5,99.7,99.8,99.9,100.0,100.1
7.7.5 유형별 주택전세가격지수,단독주택,부산,2017.11=100,원자료,95.2,95.1,95.0,94.5,94.0,92.9,91.6,90.6,90.0,89.5,88.5,87.5,86.6,86.4,86.0,85.6,84.9,84.4,84.3,84.1,83.9,83.8,83.7,83.5,83.3,83.2,83.4,83.3,82.9,82.8,82.2,82.0,82.1,82.0,81.8,81.7,81.7,81.7,81.9,82.1,82.0,82.0,81.9,82.0,82.0,82.1,82.3,82.3,82.4,82.4,82.6,82.8,82.8,83.0,83.0,83.1,83.3,83.5,83.5,83.4,83.3,83.4,83.5,83.8,83.8,83.8,84.0,84.2,84.7,84.9,84.9,85.4,85.5,85.6,85.9,86.4,86.9,87.4,87.5,88.0,88.4,88.8,89.2,89.7,90.1,90.7,91.8,93.1,93.2,93.6,94.5,94.9,95.5,96.0,96.4,96.7,97.0,97.0,97.2,97.5,97.7,97.7,97.7,97.8,97.8,97.8,97.8,98.0,98.1,98.1,98.1,98.1,98.2,98.1,98.1,98.0,98.0,98.1,98.2,98.2,98.1,98.0,98.0,98.0,98.1,98.1,98.1,98.1,98.1,98.2,98.2,98.2,98.2,98.2,98.3,98.3,98.4,98.4,98.5,98.6,98.6,98.7,98.8,98.8,98.8,98.8,98.8,98.9,98.9,98.9,98.9,98.9,99.0,99.2,99.3,99.4,99.5,99.5,99.6,99.7,99.8,99.9,100.0,100.0,100.0,100.0,100.0,100.0
7.7.5 유형별 주택전세가격지수,단독주택,대구,2017.11=100,원자료,99.1,98.7,98.0,97.5,97.1,95.5,94.5,93.0,92.5,92.1,91.0,90.4,90.4,90.2,90.7,91.2,91.5,91.7,91.7,91.6,92.1,92.4,92.7,93.1,93.1,93.4,94.2,94.4,94.7,94.7,94.4,94.2,94.4,94.8,94.7,94.7,94.7,94.7,94.8,94.9,95.2,94.9,95.0,95.0,95.1,94.9,95.2,95.2,95.3,95.3,95.4,95.5,95.5,95.5,95.2,94.9,94.9,94.8,94.1,93.2,92.7,92.4,92.0,91.7,91.6,91.6,91.3,91.3,91.4,91.5,91.6,91.6,91.6,91.6,91.5,91.9,91.9,92.0,92.0,92.2,92.5,92.6,92.7,92.9,92.9,93.1,93.7,93.8,93.8,94.0,94.1,94.3,94.5,94.8,95.0,95.3,95.6,95.6,95.7,95.7,95.7,95.7,95.9,95.7,95.7,95.7,95.7,96.0,96.0,96.0,96.0,96.4,96.4,96.5,96.6,96.6,96.6,96.8,96.8,96.8,96.9,96.9,97.0,97.0,97.0,97.0,96.8,96.9,96.9,97.0,97.1,97.1,97.3,97.3,97.4,97.5,97.6,97.7,98.3,98.9,99.3,99.8,99.9,99.9,99.9,99.9,99.9,99.8,99.9,99.9,99.9,99.9,99.9,99.9,99.9,100.0,100.0,100.0,100.0,100.0,100.0,100.0,100.0,100.0,100.0,100.0,100.0,100.0
7.7.5 유형별 주택전세가격지수,단독주택,광주,2017.11=100,원자료,106.9,105.3,105.9,106.2,105.6,102.9,102.6,102.6,102.6,103.0,102.0,102.0,101.7,101.6,101.9,101.9,101.8,102.5,102.8,102.5,102.8,102.9,102.9,102.9,102.9,102.9,103.1,103.0,103.3,103.3,103.3,103.3,104.1,103.9,103.9,103.9,103.9,103.9,103.9,103.9,103.9,103.9,104.2,104.2,104.2,104.2,104.2,104.2,104.1,104.1,104.1,104.1,104.1,104.1,104.1,104.1,104.0,104.0,102.7,101.9,101.1,100.8,100.5,100.5,100.5,100.3,99.9,99.2,99.0,99.0,99.0,99.0,98.8,98.8,97.4,97.4,96.9,97.0,97.0,96.3,96.3,96.3,96.6,96.7,96.7,96.8,97.0,96.8,96.1,96.8,97.9,98.1,98.2,98.2,98.2,98.0,98.4,98.3,98.5,98.5,98.5,98.6,98.6,98.5,98.5,98.5,98.5,98.5,98.5,98.4,98.5,98.5,98.5,98.5,98.5,98.4,98.4,98.4,98.4,98.4,98.2,98.1,98.0,97.7,97.6,97.5,97.3,97.3,97.3,97.2,97.2,97.1,97.1,97.1,97.1,96.7,97.0,97.3,97.4,97.5,97.6,98.0,98.3,98.5,98.6,98.7,98.8,98.9,99.1,99.1,99.0,99.0,99.0,99.0,99.0,99.2,99.2,99.3,99.3,99.4,99.5,99.8,99.8,99.8,99.9,100.0,100.0,100.0
7.7.5 유형별 주택전세가격지수,단독주택,대전,2017.11=100,원자료,102.8,102.5,101.5,101.9,101.8,100.8,99.9,97.3,96.4,95.1,93.5,93.2,92.8,92.8,92.5,93.6,93.8,93.6,93.1,92.9,93.0,92.3,91.1,91.1,91.1,90.5,90.7,90.4,90.3,90.3,90.0,90.0,90.5,90.8,91.0,91.0,91.1,91.1,91.1,91.3,91.3,91.3,91.5,91.6,91.6,91.8,92.2,92.2,92.3,92.4,93.0,93.0,93.0,93.2,93.5,93.7,93.9,93.9,94.5,93.9,93.9,93.8,93.6,93.6,93.6,93.6,93.8,94.0,95.2,95.7,96.1,96.6,96.9,97.4,97.7,98.2,98.0,98.5,98.7,99.2,99.5,100.1,100.5,100.5,100.9,101.3,101.6,102.6,102.3,102.6,102.8,103.0,103.7,104.2,104.3,104.3,104.3,104.3,103.8,103.4,103.0,102.5,102.3,102.2,101.9,102.1,102.1,101.6,101.5,101.4,101.3,100.8,100.6,100.3,100.2,100.0,99.9,100.0,100.1,100.1,100.2,100.1,100.4,100.4,100.2,100.0,99.8,99.8,100.1,100.1,100.2,100.3,100.4,100.4,100.4,100.3,100.2,100.2,100.1,100.0,100.1,100.1,100.2,100.2,100.1,100.2,100.3,100.4,100.3,100.4,100.3,100.2,100.2,100.2,100.2,100.2,100.1,100.1,100.1,100.1,100.0,100.0,99.9,99.9,99.9,100.0,100.0,100.0
7.7.5 유형별 주택전세가격지수,단독주택,울산,2017.11=100,원자료,82.3,81.9,81.4,82.0,82.0,81.3,81.3,81.0,81.1,81.6,81.6,81.5,81.1,81.2,81.2,81.2,80.3,81.1,81.0,81.1,81.2,82.0,82.3,82.4,82.6,82.5,82.8,83.6,84.2,85.1,85.3,85.7,86.6,89.0,90.0,90.0,90.1,90.5,90.9,91.4,91.8,91.1,91.0,91.3,91.4,91.5,91.5,91.3,91.3,92.0,92.2,92.4,92.5,92.3,92.1,92.0,92.5,92.6,92.7,92.1,91.6,92.1,92.1,91.5,91.5,91.6,92.1,91.4,91.9,92.3,92.6,92.7,92.8,93.2,93.3,93.3,93.4,93.2,93.2,93.3,93.5,93.7,93.8,93.9,94.0,94.5,94.9,95.7,95.7,96.0,96.5,96.7,97.2,97.7,98.2,98.4,98.5,98.5,98.5,98.6,98.7,98.7,98.7,98.7,98.7,98.8,98.9,98.9,99.0,98.9,99.0,99.2,99.2,99.3,99.3,99.3,99.3,99.3,99.4,99.4,99.3,99.3,99.4,99.4,99.5,99.4,99.4,99.5,99.5,99.7,99.7,99.8,99.9,99.9,99.9,100.0,100.1,100.2,100.3,100.3,100.3,100.3,100.4,100.5,100.5,100.5,100.7,100.7,100.8,100.7,100.7,100.7,100.6,100.5,100.4,100.3,100.3,100.3,100.3,100.3,100.3,100.3,100.2,100.1,100.1,100.1,100.0,100.0
7.7.5 유형별 주택전세가격지수,단독주택,세종,2017.11=100,원자료,,,,,,,,,,,,,,,,,,,,,,,,,,,,,,,,,,,,,,,,,,,,,,,,,,,,,,,,,,,,,,,,,,,,,,,,,,,,,,,,,,,,,,,,,,,,,,,,,,,,,,,,,,,94.3,94.3,94.5,95.0,95.1,95.8,96.3,97.0,97.4,97.6,97.7,97.7,97.9,98.0,98.1,98.1,98.1,98.1,98.0,97.9,97.9,97.8,97.8,97.7,97.9,98.0,98.0,98.1,98.2,98.2,98.2,98.3,98.3,98.4,98.3,98.3,98.3,98.3,98.3,98.3,98.4,98.5,98.5,98.5,98.7,98.8,98.8,98.8,98.9,99.1,99.2,99.2,99.3,99.3,99.4,99.4,99.6,99.7,99.9,99.9,100.0,100.1
7.7.5 유형별 주택전세가격지수,단독주택,강원,2017.11=100,원자료,95.3,94.9,94.9,94.4,94.4,94.4,94.4,94.4,94.2,93.8,93.0,93.0,93.3,93.3,95.5,94.9,95.0,94.7,94.3,93.8,93.8,94.8,94.8,93.7,94.7,94.7,95.1,95.1,93.3,92.7,92.5,92.3,92.3,92.0,89.4,88.1,88.1,87.9,87.9,87.6,88.1,88.1,87.7,87.7,87.7,87.6,87.6,87.6,87.6,87.5,87.6,87.6,87.6,88.0,88.0,89.6,89.6,90.5,90.5,90.7,90.7,90.4,90.5,90.5,90.5,90.5,90.5,90.5,90.5,90.6,91.0,90.9,91.0,91.1,91.1,91.1,91.1,91.2,91.5,91.8,91.8,91.8,91.9,92.0,92.7,92.8,93.1,93.7,94.2,93.8,93.9,94.1,94.5,95.1,95.7,96.5,97.4,97.4,97.4,97.6,97.6,97.6,97.6,97.6,97.6,97.6,97.6,97.9,97.9,97.9,97.9,97.8,98.0,98.0,98.0,98.1,98.1,98.3,98.3,98.2,98.3,98.3,98.3,98.1,98.1,98.0,98.0,98.0,98.0,98.0,98.0,97.9,98.0,98.1,98.1,98.2,98.3,98.4,98.5,98.6,98.7,98.7,98.8,98.9,99.0,99.0,99.0,99.0,99.0,99.0,99.1,99.1,99.1,99.2,99.2,99.2,99.2,99.3,99.3,99.4,99.4,99.5,99.6,99.7,99.8,99.9,100.0,100.0
7.7.5 유형별 주택전세가격지수,단독주택,충북,2017.11=100,원자료,84.5,86.3,83.2,83.4,83.7,83.7,83.7,83.8,83.1,82.5,81.8,81.6,80.6,80.1,79.8,80.1,80.2,80.2,80.2,80.8,81.1,81.5,81.5,81.4,81.1,81.1,81.4,81.5,82.2,82.2,82.3,82.3,81.9,82.4,83.0,83.0,83.0,83.0,83.0,83.0,83.0,83.1,83.1,83.0,83.5,84.0,83.9,83.9,83.9,84.7,85.4,85.5,86.0,85.9,85.9,86.3,86.6,86.6,86.5,85.9,85.6,86.0,86.2,86.5,86.8,86.8,86.8,87.0,87.3,87.3,88.1,88.1,88.1,88.2,88.7,89.4,89.4,89.8,89.8,89.8,90.5,91.9,92.4,92.5,93.0,93.2,93.8,94.3,94.2,94.3,93.9,94.0,94.3,94.6,94.6,94.6,94.6,94.7,94.8,95.1,96.4,97.0,97.4,97.7,97.7,97.7,97.8,98.4,98.5,98.7,98.7,99.0,99.1,99.0,99.0,99.2,99.3,99.4,99.4,99.5,99.5,99.3,99.3,99.4,99.4,99.5,99.1,99.0,99.0,99.1,99.2,99.3,99.4,99.5,99.5,99.3,99.4,99.4,99.4,99.3,99.4,99.2,99.2,99.1,99.2,99.2,99.2,99.3,99.3,99.3,99.2,99.2,99.3,99.3,99.4,99.4,99.4,99.4,99.4,99.5,99.6,99.6,99.8,99.8,99.9,100.0,100.0,100.0
7.7.5 유형별 주택전세가격지수,단독주택,충남,2017.11=100,원자료,82.9,83.5,83.7,84.4,84.8,84.3,83.6,83.6,83.2,82.8,82.0,81.2,80.8,80.8,81.3,81.4,81.3,81.2,81.1,80.9,81.5,81.5,81.5,81.7,81.9,81.9,81.9,81.8,82.2,81.7,81.6,81.5,82.4,82.6,82.8,82.8,82.8,83.0,83.6,83.8,83.6,83.8,84.1,84.6,85.3,85.8,86.2,86.4,86.5,86.6,86.5,86.9,86.9,87.5,87.7,88.2,87.8,87.8,88.4,88.4,88.4,88.1,88.4,87.6,87.6,87.4,87.9,87.9,88.4,88.3,88.6,88.6,88.8,88.8,89.2,89.9,90.9,90.5,90.5,90.5,91.5,92.4,91.9,92.0,92.0,92.3,93.4,93.9,94.0,93.9,95.0,95.6,96.2,96.2,96.2,96.2,96.2,96.2,96.3,96.2,96.2,96.3,96.2,96.3,96.3,96.5,96.7,97.0,97.1,97.2,97.2,97.3,97.4,97.4,97.5,97.5,97.5,97.7,98.0,98.3,98.3,98.3,98.3,98.4,98.4,98.6,98.4,98.3,98.3,98.3,98.3,98.5,98.5,98.6,98.7,98.8,98.9,99.1,99.1,99.3,99.3,99.3,99.4,99.6,99.6,99.6,99.6,99.6,99.6,99.6,99.6,99.6,99.6,99.6,99.6,99.6,99.6,99.6,99.6,99.6,99.7,99.7,99.8,99.8,99.9,100.0,100.0,100.0
7.7.5 유형별 주택전세가격지수,단독주택,전북,2017.11=100,원자료,93.7,93.0,92.6,92.7,92.6,91.4,91.4,91.5,90.8,90.1,89.2,88.8,88.1,87.7,87.8,87.9,88.0,87.8,87.6,87.7,88.2,88.3,88.0,88.3,88.5,88.4,88.4,88.3,88.2,88.2,88.1,87.8,87.7,87.6,87.7,87.6,87.5,87.5,87.5,87.4,87.3,87.1,86.9,86.7,86.9,87.1,87.1,87.3,87.5,87.7,89.3,90.0,90.4,91.2,91.2,91.0,92.1,92.0,92.5,92.4,92.0,91.6,91.6,91.7,92.1,92.3,92.4,92.4,92.6,93.0,93.1,93.3,93.4,93.4,93.6,93.7,93.7,94.4,94.5,94.6,94.6,94.6,95.3,95.3,95.5,96.1,96.8,97.7,97.7,97.8,97.9,97.9,98.3,98.6,98.9,99.3,99.2,99.3,99.1,99.1,99.1,99.1,99.2,99.2,99.1,99.0,98.9,98.3,98.2,98.4,98.5,98.6,98.8,98.8,98.8,98.9,98.9,98.8,98.9,98.9,98.9,99.0,99.0,98.9,98.9,98.9,98.8,98.7,98.8,98.7,98.6,98.6,98.6,98.5,98.6,98.5,98.5,98.3,98.4,98.4,98.4,98.4,98.6,98.6,98.7,98.8,99.0,99.1,99.1,99.1,99.1,99.1,99.1,99.1,99.2,99.2,99.3,99.3,99.3,99.3,99.5,99.5,99.5,99.6,99.7,99.9,100.0,100.1
7.7.5 유형별 주택전세가격지수,단독주택,전남,2017.11=100,원자료,95.4,94.6,94.5,94.5,93.8,93.8,93.4,92.7,92.8,92.1,92.1,91.7,91.7,90.4,90.2,90.2,88.4,88.9,89.1,88.0,88.0,88.6,88.9,89.3,89.8,90.0,89.9,89.9,89.3,89.3,89.7,89.9,90.3,90.3,90.5,90.5,90.5,90.5,90.5,90.5,90.5,90.1,90.8,90.8,90.8,90.3,90.3,90.0,90.4,90.4,91.5,91.8,91.8,93.4,93.5,93.5,94.1,94.1,94.1,94.1,93.6,93.6,93.6,93.6,93.9,93.9,93.7,93.7,93.7,93.7,93.7,94.4,94.4,94.7,94.7,94.9,95.9,96.5,96.8,96.6,96.6,96.6,96.6,97.1,97.1,97.2,97.7,98.5,98.4,98.5,98.5,98.5,99.4,99.6,99.7,100.3,100.9,100.7,98.1,98.2,98.1,98.1,98.1,98.1,98.2,98.2,98.1,98.0,97.9,98.0,98.0,98.0,97.9,98.0,97.8,97.7,97.7,97.7,97.9,97.9,98.0,98.1,98.0,97.8,97.9,97.9,97.7,97.7,97.6,97.6,97.6,97.6,97.6,97.6,97.6,97.6,97.6,97.6,97.8,97.9,98.0,98.2,98.3,98.4,98.7,98.6,98.7,98.8,98.8,98.8,98.8,98.8,98.9,98.9,99.0,99.2,99.2,99.2,99.3,99.4,99.6,99.6,99.7,99.8,99.8,99.9,100.0,100.0
7.7.5 유형별 주택전세가격지수,단독주택,경북,2017.11=100,원자료,112.2,110.8,110.4,109.4,108.5,107.1,106.7,105.4,104.9,104.2,103.6,102.3,101.6,101.6,101.3,101.8,101.7,101.9,101.0,100.8,100.7,100.6,101.3,101.3,101.4,101.2,101.3,99.2,99.0,98.8,98.8,99.0,99.1,99.2,99.4,99.3,99.4,99.4,99.4,99.1,99.1,99.4,99.4,99.5,99.4,99.4,99.4,99.5,99.5,99.5,100.4,100.4,100.4,100.5,100.5,100.5,100.4,100.1,99.8,99.0,96.5,96.3,96.1,95.9,95.9,95.8,95.8,95.8,96.3,96.6,97.0,96.6,96.6,96.2,96.4,96.4,96.3,96.0,95.5,95.5,95.7,95.7,95.7,95.6,95.5,95.8,96.0,96.4,96.5,96.5,96.4,96.3,96.3,96.4,96.4,96.5,96.7,96.7,96.9,96.9,97.0,97.0,97.0,97.0,97.0,97.1,97.3,97.4,97.5,97.6,97.7,97.9,97.9,98.0,98.0,98.1,98.3,98.6,98.6,98.6,98.7,98.6,98.7,98.7,98.8,98.8,98.8,98.9,98.9,98.9,98.9,99.0,99.0,99.1,99.1,99.1,99.2,99.3,99.4,99.5,99.7,99.7,99.8,99.8,99.9,99.8,99.8,99.8,99.8,99.8,99.8,99.8,99.9,99.8,99.8,99.9,99.9,100.0,100.0,100.0,100.0,100.0,100.0,100.0,100.0,100.0,100.0,100.0
7.7.5 유형별 주택전세가격지수,단독주택,경남,2017.11=100,원자료,93.6,92.5,92.1,91.5,91.2,90.2,89.9,88.9,88.6,87.7,87.5,85.5,85.3,85.1,84.9,84.9,84.3,83.5,83.2,83.0,82.9,82.4,81.3,81.2,81.2,81.2,80.3,80.0,79.8,79.6,79.5,79.4,79.4,79.6,79.5,79.6,79.5,79.5,79.3,79.4,79.7,79.9,79.8,79.9,80.4,80.4,81.1,81.0,81.2,81.6,81.6,81.5,81.7,81.6,82.2,82.3,82.2,82.1,81.9,81.9,81.8,81.6,81.5,81.5,81.5,81.6,81.5,81.5,82.0,82.0,82.0,82.1,82.2,82.1,82.3,82.4,82.6,83.7,83.9,83.8,84.0,84.3,84.7,85.1,85.5,86.1,87.8,89.7,89.4,90.1,90.5,91.2,92.6,93.5,94.4,94.4,95.0,95.3,95.8,96.0,96.0,95.9,95.7,95.7,95.8,95.9,95.9,95.9,96.1,96.2,96.3,96.5,96.7,96.7,96.7,96.8,96.9,97.2,97.2,97.3,97.4,97.5,97.7,97.9,98.0,98.0,98.1,98.2,98.3,98.5,98.6,98.7,98.9,99.0,99.1,99.1,99.2,99.3,99.3,99.3,99.4,99.5,99.6,99.6,99.6,99.7,99.7,99.8,99.8,99.7,99.7,99.7,99.7,99.8,99.8,99.9,99.9,100.0,100.0,100.1,100.1,100.1,100.1,100.1,100.1,100.0,100.0,100.0
7.7.5 유형별 주택전세가격지수,단독주택,제주,2017.11=100,원자료,119.2,113.9,108.2,108.2,108.2,103.7,98.8,98.8,98.8,98.8,98.8,98.8,98.8,93.8,93.8,93.8,93.8,93.8,96.1,96.1,96.1,96.1,92.6,92.6,92.6,92.6,92.6,92.6,92.6,91.4,91.4,89.0,89.0,89.0,89.0,89.0,88.1,88.1,88.1,88.1,86.9,86.9,86.9,86.9,86.9,86.9,86.9,86.9,86.9,86.6,86.6,86.6,86.6,86.6,86.6,86.6,87.4,87.4,87.4,88.4,88.4,88.4,88.4,88.4,88.4,88.4,88.4,88.4,88.4,88.4,88.4,88.4,88.4,88.4,88.3,89.2,89.2,89.2,89.2,89.2,89.2,89.2,89.2,89.2,89.9,91.0,91.1,91.0,91.0,91.0,91.6,91.6,91.6,92.1,93.2,93.2,93.5,93.9,94.0,94.0,94.0,94.0,94.0,94.0,94.0,94.0,94.0,94.1,94.1,94.1,94.1,93.9,93.9,93.9,93.9,93.9,93.9,93.9,94.0,94.2,94.6,94.6,94.5,94.6,94.6,94.5,94.6,94.6,94.6,94.7,94.7,94.9,95.1,95.3,95.5,95.7,95.7,95.9,96.4,96.6,96.8,97.0,97.3,98.0,99.1,99.3,99.3,99.4,99.4,99.4,99.4,99.4,99.4,99.5,99.5,99.6,99.6,99.6,99.6,99.6,99.7,99.7,99.7,99.7,99.8,99.8,100.0,100.1
7.7.5 유형별 주택전세가격지수,단독주택,6대광역시,2017.11=100,원자료,96.0,95.7,95.5,95.3,94.8,93.4,92.5,91.5,90.8,90.4,89.5,88.8,88.3,88.1,88.1,88.2,88.0,87.9,87.9,87.7,87.8,87.8,87.7,87.7,87.7,87.6,88.0,88.0,88.0,88.1,87.8,87.7,88.1,88.4,88.4,88.4,88.5,88.5,88.7,88.8,89.1,89.0,89.0,89.0,89.1,89.3,89.6,89.5,89.6,89.7,90.0,90.1,90.3,90.5,90.6,90.6,90.9,91.0,90.7,90.3,90.0,90.0,89.9,89.9,89.9,89.9,89.9,90.0,90.3,90.7,90.8,91.0,91.0,91.1,91.2,91.5,91.7,91.9,92.0,92.2,92.5,92.8,93.0,93.2,93.4,93.9,94.5,95.1,95.2,95.6,96.1,96.3,96.8,97.1,97.3,97.5,97.7,97.7,97.8,97.9,97.9,97.9,97.9,97.8,97.8,97.9,97.8,97.9,97.9,97.9,97.9,98.0,98.0,98.0,98.1,98.0,98.0,98.1,98.1,98.1,98.1,98.1,98.2,98.1,98.1,98.1,98.0,98.0,98.1,98.1,98.2,98.2,98.3,98.3,98.4,98.3,98.4,98.5,98.7,98.9,99.0,99.2,99.3,99.3,99.3,99.4,99.4,99.4,99.5,99.5,99.5,99.5,99.5,99.5,99.6,99.6,99.6,99.7,99.7,99.8,99.8,99.9,99.9,99.9,100.0,100.0,100.0,100.0
7.7.5 유형별 주택전세가격지수,단독주택,9개도,2017.11=100,원자료,93.9,93.5,92.9,92.7,92.4,91.5,91.0,90.3,89.8,89.2,88.6,87.7,87.4,87.0,87.0,87.0,86.6,86.5,86.2,86.0,86.2,86.3,86.2,86.2,86.3,86.3,86.3,86.0,85.8,85.7,85.7,85.7,86.0,86.2,86.3,86.3,86.3,86.4,86.5,86.5,86.6,86.6,86.7,86.8,87.1,87.2,87.4,87.5,87.6,87.9,88.6,88.9,89.1,89.6,89.8,90.0,90.3,90.3,90.3,90.0,89.4,89.3,89.3,89.2,89.3,89.3,89.4,89.4,89.8,89.9,90.1,90.1,90.2,90.2,90.4,90.7,91.0,91.3,91.3,91.3,91.6,91.9,92.1,92.3,92.5,92.9,93.9,94.5,94.5,94.7,95.0,95.2,95.7,96.1,96.4,96.6,96.9,96.9,96.7,96.8,96.9,96.9,96.9,96.9,97.0,97.0,97.0,97.1,97.2,97.2,97.3,97.5,97.5,97.5,97.5,97.6,97.7,97.8,98.0,98.0,98.1,98.1,98.2,98.1,98.2,98.2,98.1,98.1,98.1,98.2,98.2,98.3,98.4,98.4,98.5,98.5,98.6,98.7,98.7,98.8,98.9,99.0,99.1,99.2,99.3,99.3,99.3,99.4,99.4,99.4,99.4,99.4,99.4,99.4,99.4,99.5,99.5,99.5,99.6,99.6,99.7,99.7,99.8,99.9,99.9,100.0,100.0,100.0
