규모,전국 Total,,,,서울 Seoul,,,,강북(14개구) Northern seoul,,,,강남(11개구) Southern Seoul,,,,6개광역시 6 Large Cities,,,,부산   Pusan,,,,대구  Daegu,,,,인천  Incheon,,,,광주  Gwangju,,,,대전  Daejeon,,,,울산  Ulsan,,,,5개광역시 5 Large Cities,,,,수도권 Seoul Metropolitan Area,,,,세종  Sejong,,,,경기  Gyeonggi,,,,강원  Gangwon,,,,충북  Chungbuk,,,,충남  Chungnam,,,,전북  Jeonbuk,,,,전남  Jeonnam,,,,경북  Gyungbuk,,,,경남  Gyungnam,,,,기타지방 Non Metropolitan Area,,,
,종합,아파트,단독,연립,종합,아파트,단독,연립,종합,아파트,단독,연립,종합,아파트,단독,연립,종합,아파트,단독,연립,종합,아파트,,,종합,아파트,,,종합,아파트,,,종합,아파트,,,종합,아파트,,,종합,아파트,,,종합,아파트,단독,연립,종합,아파트,단독,연립,종합,아파트,,,종합,아파트,단독,연립,종합,아파트,,,종합,아파트,,,종합,아파트,,,종합,아파트,,,종합,아파트,,,종합,아파트,,,종합,아파트,,,종합,아파트,단독,연립
'08.12,"24,209","25,061","26,988","14,629","45,986","52,530","56,296","23,276","37,454","40,749","48,240","20,592","54,616","62,364","69,418","26,120","14,178","14,639","16,766","7,817", - , - ,,, - , - ,,, - , - ,,, - , - ,,, - , - ,,, - , - ,,, - , - , - , - ,"34,972","37,282","46,862","17,395", - , - ,,,"28,811","29,487","40,032","13,124", - , - ,,, - , - ,,, - , - ,,, - , - ,,, - , - ,,, - , - ,,, - , - ,,,"10,796","10,235","12,361","5,369"
'09.1,"24,016","24,804","26,920","14,529","45,588","51,925","56,176","23,111","37,256","40,456","48,128","20,496","54,016","61,498","69,286","25,883","14,119","14,570","16,731","7,767", - , - ,,, - , - ,,, - , - ,,, - , - ,,, - , - ,,, - , - ,,, - , - , - , - ,"34,643","36,829","46,747","17,268", - , - ,,,"28,484","29,072","39,901","13,032", - , - ,,, - , - ,,, - , - ,,, - , - ,,, - , - ,,, - , - ,,, - , - ,,,"10,763","10,205","12,324","5,352"
2,"23,963","24,722","26,940","14,487","45,593","51,905","56,298","23,074","37,192","40,255","48,271","20,498","54,091","61,631","69,373","25,805","14,087","14,518","16,737","7,754", - , - ,,, - , - ,,, - , - ,,, - , - ,,, - , - ,,, - , - ,,, - , - , - , - ,"34,566","36,706","46,798","17,217", - , - ,,,"28,318","28,862","39,878","12,952", - , - ,,, - , - ,,, - , - ,,, - , - ,,, - , - ,,, - , - ,,, - , - ,,,"10,739","10,179","12,314","5,307"
3,"23,914","24,636","26,971","14,474","45,537","51,766","56,437","23,043","37,152","40,080","48,494","20,468","54,017","61,521","69,376","25,772","14,052","14,473","16,716","7,745", - , - ,,, - , - ,,, - , - ,,, - , - ,,, - , - ,,, - , - ,,, - , - , - , - ,"34,488","36,554","46,901","17,199", - , - ,,,"28,223","28,696","39,969","12,954", - , - ,,, - , - ,,, - , - ,,, - , - ,,, - , - ,,, - , - ,,, - , - ,,,"10,729","10,175","12,301","5,310"
4,"23,957","24,673","27,044","14,478","45,725","51,993","56,772","23,029","37,299","40,089","49,061","20,479","54,247","61,931","69,332","25,732","14,039","14,454","16,717","7,734", - , - ,,, - , - ,,, - , - ,,, - , - ,,, - , - ,,, - , - ,,, - , - , - , - ,"34,570","36,626","47,087","17,202", - , - ,,,"28,235","28,685","39,999","12,998", - , - ,,, - , - ,,, - , - ,,, - , - ,,, - , - ,,, - , - ,,, - , - ,,,"10,732","10,177","12,304","5,313"
5,"23,996","24,724","27,066","14,486","45,793","52,104","56,803","23,033","37,308","40,089","49,074","20,498","54,376","62,132","69,393","25,720","14,050","14,468","16,725","7,734", - , - ,,, - , - ,,, - , - ,,, - , - ,,, - , - ,,, - , - ,,, - , - , - , - ,"34,638","36,717","47,140","17,211", - , - ,,,"28,323","28,781","40,088","13,023", - , - ,,, - , - ,,, - , - ,,, - , - ,,, - , - ,,, - , - ,,, - , - ,,,"10,731","10,177","12,302","5,322"
6,"24,076","24,809","27,143","14,532","46,064","52,413","57,212","23,108","37,385","40,155","49,207","20,543","54,842","62,644","70,252","25,826","14,070","14,487","16,740","7,766", - , - ,,, - , - ,,, - , - ,,, - , - ,,, - , - ,,, - , - ,,, - , - , - , - ,"34,775","36,863","47,315","17,270", - , - ,,,"28,361","28,840","40,005","13,055", - , - ,,, - , - ,,, - , - ,,, - , - ,,, - , - ,,, - , - ,,, - , - ,,,"10,739","10,184","12,313","5,329"
7,"24,185","24,953","27,179","14,581","46,426","52,935","57,433","23,230","37,590","40,382","49,442","20,677","55,363","63,414","70,449","25,937","14,086","14,512","16,749","7,755", - , - ,,, - , - ,,, - , - ,,, - , - ,,, - , - ,,, - , - ,,, - , - , - , - ,"34,969","37,124","47,402","17,335", - , - ,,,"28,446","28,966","39,944","13,081", - , - ,,, - , - ,,, - , - ,,, - , - ,,, - , - ,,, - , - ,,, - , - ,,,"10,737","10,184","12,307","5,336"
8,"24,267","25,046","27,239","14,640","46,653","53,211","57,662","23,347","37,744","40,531","49,674","20,768","55,663","63,796","70,673","26,080","14,114","14,543","16,772","7,775", - , - ,,, - , - ,,, - , - ,,, - , - ,,, - , - ,,, - , - ,,, - , - , - , - ,"35,104","37,275","47,544","17,408", - , - ,,,"28,523","29,057","39,992","13,116", - , - ,,, - , - ,,, - , - ,,, - , - ,,, - , - ,,, - , - ,,, - , - ,,,"10,750","10,204","12,305","5,362"
9,"24,459","25,256","27,407","14,771","47,159","53,791","58,288","23,595","38,109","40,870","50,271","20,958","56,312","64,576","71,348","26,389","14,195","14,649","16,807","7,824", - , - ,,, - , - ,,, - , - ,,, - , - ,,, - , - ,,, - , - ,,, - , - , - , - ,"35,415","37,606","47,931","17,572", - , - ,,,"28,699","29,251","40,132","13,208", - , - ,,, - , - ,,, - , - ,,, - , - ,,, - , - ,,, - , - ,,, - , - ,,,"10,787","10,249","12,333","5,391"
10,"24,542","25,336","27,504","14,844","47,344","53,957","58,599","23,719","38,293","40,998","50,630","21,080","56,498","64,775","71,580","26,516","14,262","14,716","16,906","7,839", - , - ,,, - , - ,,, - , - ,,, - , - ,,, - , - ,,, - , - ,,, - , - , - , - ,"35,535","37,708","48,148","17,664", - , - ,,,"28,752","29,314","40,122","13,292", - , - ,,, - , - ,,, - , - ,,, - , - ,,, - , - ,,, - , - ,,, - , - ,,,"10,815","10,294","12,345","5,400"
11,"24,583","25,371","27,563","14,884","47,392","53,942","58,786","23,796","38,385","41,014","50,873","21,175","56,502","64,733","71,675","26,575","14,322","14,802","16,923","7,856", - , - ,,, - , - ,,, - , - ,,, - , - ,,, - , - ,,, - , - ,,, - , - , - , - ,"35,559","37,700","48,249","17,713", - , - ,,,"28,751","29,301","40,138","13,318", - , - ,,, - , - ,,, - , - ,,, - , - ,,, - , - ,,, - , - ,,, - , - ,,,"10,866","10,357","12,384","5,409"
12,"24,590","25,378","27,564","14,898","47,393","53,930","58,804","23,810","38,405","41,022","50,914","21,195","56,484","64,705","71,655","26,582","14,357","14,853","16,933","7,865", - , - ,,, - , - ,,, - , - ,,, - , - ,,, - , - ,,, - , - ,,, - , - , - , - ,"35,535","37,665","48,220","17,724", - , - ,,,"28,702","29,246","40,055","13,333", - , - ,,, - , - ,,, - , - ,,, - , - ,,, - , - ,,, - , - ,,, - , - ,,,"10,896","10,390","12,409","5,434"
'10.1,"24,613","25,398","27,604","14,906","47,462","53,994","58,955","23,828","38,453","41,024","51,071","21,228","56,575","64,820","71,796","26,584","14,388","14,892","16,956","7,870", - , - ,,, - , - ,,, - , - ,,, - , - ,,, - , - ,,, - , - ,,, - , - , - , - ,"35,554","37,669","48,300","17,732", - , - ,,,"28,676","29,209","40,060","13,327", - , - ,,, - , - ,,, - , - ,,, - , - ,,, - , - ,,, - , - ,,, - , - ,,,"10,913","10,412","12,414","5,452"
2,"24,668","25,465","27,635","14,932","47,589","54,163","59,050","23,885","38,495","41,056","51,138","21,267","56,787","65,104","71,936","26,660","14,438","14,964","16,976","7,876", - , - ,,, - , - ,,, - , - ,,, - , - ,,, - , - ,,, - , - ,,, - , - , - , - ,"35,610","37,729","48,362","17,764", - , - ,,,"28,681","29,205","40,088","13,339", - , - ,,, - , - ,,, - , - ,,, - , - ,,, - , - ,,, - , - ,,, - , - ,,,"10,950","10,468","12,417","5,454"
3,"24,692","25,485","27,665","14,959","47,606","54,143","59,130","23,932","38,522","41,051","51,209","21,315","56,793","65,072","72,032","26,705","14,480","15,027","16,978","7,890", - , - ,,, - , - ,,, - , - ,,, - , - ,,, - , - ,,, - , - ,,, - , - , - , - ,"35,612","37,703","48,424","17,792", - , - ,,,"28,667","29,169","40,130","13,357", - , - ,,, - , - ,,, - , - ,,, - , - ,,, - , - ,,, - , - ,,, - , - ,,,"10,996","10,528","12,439","5,466"
4,"24,690","25,470","27,692","14,968","47,576","54,068","59,175","23,944","38,508","41,020","51,209","21,319","56,749","64,961","72,149","26,725","14,523","15,083","17,003","7,907", - , - ,,, - , - ,,, - , - ,,, - , - ,,, - , - ,,, - , - ,,, - , - , - , - ,"35,564","37,611","48,469","17,795", - , - ,,,"28,598","29,055","40,194","13,353", - , - ,,, - , - ,,, - , - ,,, - , - ,,, - , - ,,, - , - ,,, - , - ,,,"11,030","10,581","12,438","5,486"
5,"24,648","25,399","27,710","14,953","47,453","53,841","59,226","23,909","38,437","40,902","51,203","21,277","56,573","64,643","72,294","26,699","14,558","15,127","17,029","7,917", - , - ,,, - , - ,,, - , - ,,, - , - ,,, - , - ,,, - , - ,,, - , - , - , - ,"35,444","37,419","48,492","17,767", - , - ,,,"28,459","28,862","40,188","13,327", - , - ,,, - , - ,,, - , - ,,, - , - ,,, - , - ,,, - , - ,,, - , - ,,,"11,061","10,628","12,438","5,500"
6,"24,577","25,278","27,739","14,938","47,275","53,539","59,211","23,872","38,323","40,699","51,212","21,220","56,328","64,257","72,240","26,683","14,572","15,145","17,032","7,936", - , - ,,, - , - ,,, - , - ,,, - , - ,,, - , - ,,, - , - ,,, - , - , - , - ,"35,270","37,129","48,546","17,736", - , - ,,,"28,263","28,549","40,328","13,288", - , - ,,, - , - ,,, - , - ,,, - , - ,,, - , - ,,, - , - ,,, - , - ,,,"11,117","10,698","12,466","5,539"
7,"24,501","25,169","27,735","14,892","47,112","53,274","59,197","23,814","38,225","40,527","51,213","21,170","56,101","63,916","72,203","26,617","14,576","15,149","17,040","7,933", - , - ,,, - , - ,,, - , - ,,, - , - ,,, - , - ,,, - , - ,,, - , - , - , - ,"35,093","36,872","48,515","17,672", - , - ,,,"28,043","28,269","40,266","13,197", - , - ,,, - , - ,,, - , - ,,, - , - ,,, - , - ,,, - , - ,,, - , - ,,,"11,168","10,767","12,483","5,537"
8,"24,432","25,077","27,714","14,849","46,919","52,996","59,101","23,732","38,077","40,351","51,092","21,049","55,862","63,550","72,147","26,576","14,600","15,169","17,084","7,939", - , - ,,, - , - ,,, - , - ,,, - , - ,,, - , - ,,, - , - ,,, - , - , - , - ,"34,936","36,656","48,459","17,609", - , - ,,,"27,881","28,072","40,168","13,133", - , - ,,, - , - ,,, - , - ,,, - , - ,,, - , - ,,, - , - ,,, - , - ,,,"11,193","10,805","12,484","5,558"
9,"24,414","25,050","27,722","14,834","46,836","52,851","59,125","23,700","38,023","40,242","51,149","20,996","55,749","63,376","72,117","26,566","14,627","15,211","17,091","7,938", - , - ,,, - , - ,,, - , - ,,, - , - ,,, - , - ,,, - , - ,,, - , - , - , - ,"34,865","36,548","48,469","17,582", - , - ,,,"27,815","27,982","40,166","13,116", - , - ,,, - , - ,,, - , - ,,, - , - ,,, - , - ,,, - , - ,,, - , - ,,,"11,230","10,861","12,487","5,573"
10,"24,417","25,051","27,730","14,836","46,766","52,752","59,067","23,684","37,973","40,159","51,133","20,976","55,660","63,264","71,990","26,555","14,684","15,283","17,130","7,959", - , - ,,, - , - ,,, - , - ,,, - , - ,,, - , - ,,, - , - ,,, - , - , - , - ,"34,817","36,477","48,453","17,572", - , - ,,,"27,778","27,921","40,200","13,113", - , - ,,, - , - ,,, - , - ,,, - , - ,,, - , - ,,, - , - ,,, - , - ,,,"11,271","10,923","12,491","5,601"
11,"24,448","25,082","27,780","14,838","46,716","52,655","59,100","23,671","37,931","40,084","51,142","20,949","55,601","63,148","72,061","26,555","14,758","15,386","17,156","7,983", - , - ,,, - , - ,,, - , - ,,, - , - ,,, - , - ,,, - , - ,,, - , - , - , - ,"34,794","36,416","48,549","17,560", - , - ,,,"27,783","27,885","40,392","13,101", - , - ,,, - , - ,,, - , - ,,, - , - ,,, - , - ,,, - , - ,,, - , - ,,,"11,355","11,046","12,504","5,639"
12,"24,496","25,152","27,797","14,846","46,746","52,697","59,144","23,666","37,936","40,079","51,183","20,939","55,657","63,229","72,111","26,556","14,830","15,495","17,166","7,998", - , - ,,, - , - ,,, - , - ,,, - , - ,,, - , - ,,, - , - ,,, - , - , - , - ,"34,810","36,436","48,572","17,560", - , - ,,,"27,793","27,896","40,395","13,109", - , - ,,, - , - ,,, - , - ,,, - , - ,,, - , - ,,, - , - ,,, - , - ,,,"11,426","11,154","12,518","5,671"
'11.1,"24,570","25,245","27,851","14,868","46,829","52,775","59,304","23,697","37,954","40,096","51,208","20,949","55,807","63,358","72,490","26,611","14,916","15,617","17,197","8,019", - , - ,,, - , - ,,, - , - ,,, - , - ,,, - , - ,,, - , - ,,, - , - , - , - ,"34,864","36,492","48,661","17,579", - , - ,,,"27,837","27,951","40,417","13,119", - , - ,,, - , - ,,, - , - ,,, - , - ,,, - , - ,,, - , - ,,, - , - ,,,"11,505","11,262","12,546","5,697"
2,"24,686","25,403","27,903","14,904","46,937","52,920","59,406","23,727","38,004","40,161","51,276","20,955","55,972","63,571","72,648","26,664","15,056","15,812","17,248","8,064", - , - ,,, - , - ,,, - , - ,,, - , - ,,, - , - ,,, - , - ,,, - , - , - , - ,"34,955","36,606","48,739","17,609", - , - ,,,"27,930","28,066","40,462","13,154", - , - ,,, - , - ,,, - , - ,,, - , - ,,, - , - ,,, - , - ,,, - , - ,,,"11,619","11,432","12,569","5,738"
3,"24,847","25,568","28,128","14,950","47,019","52,963","59,642","23,769","38,087","40,198","51,491","21,000","56,053","63,619","72,919","26,705","15,229","16,053","17,322","8,111", - , - ,,, - , - ,,, - , - ,,, - , - ,,, - , - ,,, - , - ,,, - , - , - , - ,"35,076","36,668","49,179","17,646", - , - ,,,"28,120","28,156","41,235","13,194", - , - ,,, - , - ,,, - , - ,,, - , - ,,, - , - ,,, - , - ,,, - , - ,,,"11,817","11,688","12,670","5,808"
4,"25,047","25,759","28,426","15,039","47,189","52,944","60,492","23,811","38,327","40,202","52,373","21,079","56,153","63,581","73,715","26,705","15,467","16,375","17,426","8,201", - , - ,,, - , - ,,, - , - ,,, - , - ,,, - , - ,,, - , - ,,, - , - , - , - ,"35,185","36,673","49,724","17,703", - , - ,,,"28,188","28,180","41,469","13,293", - , - ,,, - , - ,,, - , - ,,, - , - ,,, - , - ,,, - , - ,,, - , - ,,,"12,133","12,074","12,850","6,071"
5,"25,146","25,858","28,574","15,071","47,281","52,878","61,060","23,867","38,451","40,190","52,882","21,093","56,212","63,469","74,382","26,806","15,622","16,591","17,502","8,220", - , - ,,, - , - ,,, - , - ,,, - , - ,,, - , - ,,, - , - ,,, - , - , - , - ,"35,217","36,634","50,024","17,728", - , - ,,,"28,177","28,166","41,463","13,298", - , - ,,, - , - ,,, - , - ,,, - , - ,,, - , - ,,, - , - ,,, - , - ,,,"12,276","12,286","12,883","6,122"
6,"25,843","26,651","28,749","15,088","48,766","54,559","61,349","23,874","39,194","41,272","53,082","21,108","58,211","65,472","74,814","26,806","16,341","17,496","17,589","8,255","16,973","19,473",,,"14,994","15,354",,,"18,785","21,091",,,"11,484","11,696",,,"17,720","18,480",,,"16,121","15,683",,, - , - , - , - ,"35,996","37,471","50,184","17,732", - , - ,,,"28,622","28,723","41,510","13,307","12,353","10,508",,,"12,189","12,441",,,"12,529","12,692",,,"11,494","12,716",,,"10,467","9,973",,,"10,183","10,628",,,"18,035","17,568",,,"12,950","13,204","13,142","6,149"
7,"25,891","26,702","28,829","15,091","48,734","54,444","61,554","23,863","39,237","41,225","53,396","21,089","58,106","65,301","74,841","26,805","16,457","17,654","17,636","8,269","17,154","19,723",,,"15,085","15,480",,,"18,732","21,008",,,"11,631","11,871",,,"18,001","18,872",,,"16,243","15,841",,, - , - , - , - ,"35,968","37,402","50,312","17,725", - , - ,,,"28,606","28,691","41,568","13,305","12,524","10,721",,,"12,441","12,689",,,"12,615","12,790",,,"11,616","12,888",,,"10,490","10,006",,,"10,216","10,684",,,"18,132","17,714",,,"13,053","13,341","13,191","6,185"
8,"25,959","26,771","28,910","15,160","48,772","54,373","61,803","24,013","39,302","41,162","53,643","21,263","58,118","65,223","75,095","26,927","16,571","17,810","17,687","8,268","17,309","19,944",,,"15,202","15,643",,,"18,683","20,958",,,"11,784","12,070",,,"18,278","19,180",,,"16,347","15,979",,, - , - , - , - ,"35,975","37,359","50,445","17,801", - , - ,,,"28,598","28,672","41,586","13,349","12,771","11,136",,,"12,586","12,888",,,"12,704","12,907",,,"11,754","13,083",,,"10,555","10,075",,,"10,256","10,745",,,"18,256","17,896",,,"13,165","13,511","13,227","6,236"
9,"26,026","26,842","29,002","15,184","48,760","54,285","62,004","24,020","39,275","41,117","53,660","21,235","58,119","65,100","75,594","26,972","16,695","17,963","17,772","8,311","17,492","20,160",,,"15,335","15,822",,,"18,630","20,890",,,"11,989","12,324",,,"18,484","19,400",,,"16,474","16,131",,, - , - , - , - ,"35,962","37,317","50,558","17,804", - , - ,,,"28,597","28,670","41,614","13,367","12,930","11,321",,,"12,786","13,155",,,"12,794","13,032",,,"11,934","13,323",,,"10,624","10,157",,,"10,319","10,840",,,"18,443","18,104",,,"13,301","13,689","13,288","6,283"
10,"26,066","26,886","29,054","15,199","48,714","54,186","62,057","24,032","39,266","41,088","53,701","21,220","58,038","64,943","75,667","27,012","16,779","18,062","17,852","8,326","17,614","20,299",,,"15,439","15,956",,,"18,598","20,820",,,"12,106","12,470",,,"18,593","19,543",,,"16,605","16,290",,, - , - , - , - ,"35,939","37,274","50,601","17,807", - , - ,,,"28,598","28,674","41,610","13,381","13,052","11,441",,,"12,915","13,332",,,"12,889","13,182",,,"12,047","13,465",,,"10,677","10,244",,,"10,381","10,933",,,"18,587","18,260",,,"13,405","13,825","13,338","6,309"
11,"26,101","26,923","29,119","15,205","48,660","54,031","62,259","24,030","39,304","41,039","54,006","21,196","57,893","64,702","75,703","27,033","16,881","18,202","17,884","8,344","17,803","20,569",,,"15,589","16,158",,,"18,544","20,745",,,"12,174","12,552",,,"18,602","19,557",,,"16,858","16,630",,, - , - , - , - ,"35,897","37,187","50,719","17,801", - , - ,,,"28,570","28,634","41,651","13,380","13,176","11,579",,,"13,016","13,452",,,"12,992","13,362",,,"12,167","13,632",,,"10,794","10,433",,,"10,459","11,055",,,"18,658","18,375",,,"13,503","13,970","13,362","6,333"
12,"26,092","26,909","29,131","15,200","48,576","53,900","62,245","24,009","39,253","40,994","53,921","21,166","57,776","64,499","75,804","27,023","16,912","18,241","17,901","8,356","17,853","20,626",,,"15,662","16,246",,,"18,508","20,704",,,"12,212","12,611",,,"18,566","19,502",,,"16,978","16,790",,, - , - , - , - ,"35,833","37,101","50,713","17,781", - , - ,,,"28,520","28,570","41,661","13,363","13,234","11,629",,,"13,088","13,553",,,"13,035","13,430",,,"12,240","13,713",,,"10,918","10,601",,,"10,518","11,139",,,"18,668","18,387",,,"13,560","14,043","13,387","6,370"
'12.1,"26,093","26,894","29,186","15,203","48,510","53,767","62,331","23,992","39,268","40,952","54,132","21,117","57,630","64,291","75,685","27,040","16,948","18,286","17,919","8,376","17,916","20,702",,,"15,736","16,335",,,"18,449","20,629",,,"12,303","12,729",,,"18,527","19,437",,,"17,090","16,940",,, - , - , - , - ,"35,771","37,005","50,745","17,767", - , - ,,,"28,459","28,497","41,643","13,362","13,276","11,678",,,"13,154","13,630",,,"13,085","13,518",,,"12,478","13,817",,,"10,962","10,648",,,"10,581","11,235",,,"18,687","18,383",,,"13,644","14,111","13,498","6,411"
2,"26,284","26,883","30,065","15,308","48,703","53,638","63,667","24,087","39,753","40,883","56,162","21,346","57,535","64,114","75,892","26,992","17,061","18,326","18,297","8,431","17,908","20,725",,,"15,892","16,432",,,"18,374","20,554",,,"12,369","12,801",,,"18,958","19,427",,,"17,630","17,179",,, - , - , - , - ,"35,960","36,930","52,190","17,832", - , - ,,,"28,722","28,461","43,623","13,430","12,996","11,727",,,"13,252","13,698",,,"14,062","13,596",,,"12,596","13,863",,,"10,995","10,725",,,"10,626","11,296",,,"18,805","18,375",,,"13,873","14,161","14,056","6,846"
3,"26,277","26,852","30,138","15,309","48,610","53,456","63,736","24,092","39,716","40,803","56,186","21,346","57,387","63,848","76,033","27,004","17,098","18,370","18,322","8,441","17,931","20,730",,,"15,986","16,553",,,"18,304","20,469",,,"12,431","12,886",,,"18,946","19,409",,,"17,871","17,484",,, - , - , - , - ,"35,875","36,803","52,214","17,821", - , - ,,,"28,641","28,367","43,612","13,410","13,054","11,798",,,"13,314","13,775",,,"14,137","13,704",,,"12,950","13,959",,,"11,033","10,778",,,"10,696","11,399",,,"18,826","18,379",,,"13,972","14,226","14,226","6,861"
4,"26,227","26,780","30,145","15,301","48,406","53,112","63,747","24,074","39,646","40,682","56,181","21,328","57,050","63,320","76,071","26,984","17,138","18,409","18,392","8,446","18,002","20,767",,,"16,069","16,654",,,"18,222","20,352",,,"12,487","12,961",,,"18,925","19,379",,,"18,079","17,765",,, - , - , - , - ,"35,720","36,593","52,149","17,802", - , - ,,,"28,512","28,233","43,443","13,393","13,144","11,905",,,"13,370","13,845",,,"14,238","13,883",,,"12,986","14,004",,,"11,076","10,854",,,"10,806","11,561",,,"18,862","18,373",,,"14,035","14,302","14,252","6,883"
5,"26,215","26,762","30,168","15,292","48,303","52,930","63,787","24,054","39,592","40,584","56,205","21,298","56,898","63,070","76,136","26,976","17,175","18,450","18,432","8,459","18,029","20,782",,,"16,135","16,721",,,"18,165","20,268",,,"12,558","13,056",,,"18,914","19,352",,,"18,332","18,113",,, - , - , - , - ,"35,636","36,469","52,166","17,779", - , - ,,,"28,438","28,143","43,438","13,361","13,219","12,112",,,"13,424","13,917",,,"14,274","13,969",,,"13,003","14,027",,,"11,286","11,253",,,"10,962","11,790",,,"18,866","18,357",,,"14,110","14,425","14,260","6,912"
6,"26,168","26,697","30,164","15,277","48,172","52,729","63,753","24,027","39,522","40,489","56,156","21,263","56,708","62,780","76,129","26,957","17,175","18,442","18,458","8,454","18,017","20,742",,,"16,185","16,756",,,"18,100","20,196",,,"12,593","13,103",,,"18,885","19,311",,,"18,408","18,207",,, - , - , - , - ,"35,534","36,333","52,129","17,751", - , - ,,,"28,354","28,040","43,406","13,340","13,248","12,126",,,"13,443","13,953",,,"14,315","14,053",,,"13,055","14,097",,,"11,285","11,251",,,"11,016","11,864",,,"18,806","18,282",,,"14,123","14,443","14,256","6,938"
7,"26,092","26,594","30,161","15,231","47,937","52,388","63,701","23,915","39,381","40,271","56,121","21,192","56,380","62,339","76,048","26,801","17,171","18,429","18,478","8,459","18,000","20,696",,,"16,243","16,814",,,"18,037","20,113",,,"12,630","13,147",,,"18,827","19,240",,,"18,471","18,286",,, - , - , - , - ,"35,380","36,127","52,111","17,680", - , - ,,,"28,251","27,903","43,435","13,304","13,265","12,142",,,"13,495","14,031",,,"14,365","14,157",,,"13,038","14,076",,,"11,260","11,230",,,"11,067","11,939",,,"18,776","18,224",,,"14,133","14,456","14,246","6,962"
8,"26,019","26,489","30,153","15,222","47,727","52,034","63,682","23,914","39,288","40,106","56,101","21,186","56,054","61,831","76,029","26,806","17,165","18,419","18,483","8,452","17,985","20,665",,,"16,291","16,872",,,"17,989","20,057",,,"12,625","13,143",,,"18,793","19,196",,,"18,508","18,332",,, - , - , - , - ,"35,240","35,925","52,091","17,667", - , - ,,,"28,152","27,778","43,421","13,281","13,256","12,128",,,"13,530","14,069",,,"14,381","14,214",,,"13,023","14,054",,,"11,262","11,230",,,"11,101","11,988",,,"18,736","18,162",,,"14,132","14,454","14,236","6,963"
9,"25,922","26,352","30,149","15,197","47,456","51,599","63,657","23,866","39,157","39,898","56,079","21,122","55,645","61,209","75,999","26,774","17,153","18,397","18,498","8,443","17,959","20,615",,,"16,349","16,950",,,"17,904","19,937",,,"12,638","13,161",,,"18,754","19,138",,,"18,564","18,386",,, - , - , - , - ,"35,052","35,659","52,068","17,629", - , - ,,,"28,015","27,602","43,401","13,256","13,234","12,101",,,"13,572","14,121",,,"14,423","14,298",,,"13,008","14,027",,,"11,249","11,209",,,"11,148","12,054",,,"18,702","18,103",,,"14,137","14,455","14,232","6,978"
10,"25,841","26,231","30,160","15,185","47,259","51,258","63,705","23,840","39,011","39,633","56,097","21,087","55,398","60,805","76,096","26,759","17,150","18,383","18,527","8,446","17,934","20,556",,,"16,446","17,065",,,"17,805","19,803",,,"12,665","13,196",,,"18,754","19,126",,,"18,600","18,407",,, - , - , - , - ,"34,886","35,415","52,069","17,609", - , - ,,,"27,860","27,405","43,363","13,244","13,222","12,084",,,"13,622","14,173",,,"14,466","14,385",,,"12,970","13,972",,,"11,220","11,183",,,"11,214","12,145",,,"18,670","18,055",,,"14,140","14,460","14,226","6,970"
11,"25,786","26,147","30,183","15,163","47,132","51,017","63,829","23,801","38,907","39,460","56,061","21,068","55,248","60,509","76,483","26,698","17,146","18,375","18,535","8,436","17,919","20,524",,,"16,524","17,161",,,"17,722","19,700",,,"12,690","13,229",,,"18,742","19,122",,,"18,604","18,397",,, - , - , - , - ,"34,770","35,237","52,119","17,577", - , - ,,,"27,744","27,256","43,351","13,226","13,214","12,069",,,"13,656","14,223",,,"14,531","14,493",,,"12,951","13,954",,,"11,212","11,171",,,"11,272","12,232",,,"18,652","18,038",,,"14,152","14,481","14,215","6,973"
12,"25,736","26,077","30,181","15,142","46,987","50,780","63,841","23,766","38,838","39,350","56,040","21,043","55,028","60,166","76,547","26,652","17,138","18,363","18,543","8,429","17,883","20,465",,,"16,586","17,233",,,"17,687","19,662",,,"12,712","13,259",,,"18,729","19,102",,,"18,575","18,348",,, - , - , - , - ,"34,674","35,103","52,111","17,546", - , - ,,,"27,678","27,176","43,323","13,201","13,211","12,061",,,"13,676","14,264",,,"14,557","14,555",,,"12,927","13,924",,,"11,197","11,148",,,"11,322","12,306",,,"18,629","17,993",,,"14,155","14,484","14,209","6,983"
'13.1,"25,693","26,015","30,179","15,135","46,853","50,567","63,812","23,750","38,753","39,212","56,017","21,021","54,846","59,893","76,509","26,642","17,137","18,354","18,566","8,426","17,859","20,419",,,"16,649","17,295",,,"17,664","19,635",,,"12,719","13,268",,,"18,709","19,073",,,"18,567","18,332",,, - , - , - , - ,"34,589","34,983","52,091","17,535", - , - ,,,"27,622","27,102","43,316","13,196","13,195","12,040",,,"13,708","14,311",,,"14,568","14,602",,,"12,921","13,916",,,"11,176","11,113",,,"11,372","12,380",,,"18,608","17,964",,,"14,159","14,492","14,200","6,990"
2,"25,644","25,946","30,184","15,116","46,717","50,347","63,821","23,712","38,698","39,120","56,025","20,988","54,631","59,568","76,519","26,599","17,135","18,347","18,580","8,426","17,841","20,390",,,"16,706","17,360",,,"17,625","19,576",,,"12,732","13,284",,,"18,703","19,065",,,"18,564","18,317",,, - , - , - , - ,"34,488","34,840","52,093","17,507", - , - ,,,"27,538","26,996","43,311","13,173","13,190","12,033",,,"13,753","14,374",,,"14,601","14,664",,,"12,895","13,877",,,"11,159","11,089",,,"11,406","12,424",,,"18,609","17,967",,,"14,166","14,504","14,197","7,001"
3,"25,608","25,894","30,194","15,096","46,625","50,209","63,808","23,671","38,593","38,969","55,950","20,952","54,551","59,441","76,606","26,553","17,147","18,349","18,633","8,418","17,834","20,363",,,"16,806","17,485",,,"17,555","19,487",,,"12,761","13,310",,,"18,704","19,061",,,"18,629","18,309",,, - , - , - , - ,"34,404","34,727","52,080","17,475", - , - ,,,"27,458","26,896","43,300","13,160","13,194","12,038",,,"13,769","14,396",,,"14,609","14,711",,,"12,878","13,851",,,"11,141","11,072",,,"11,456","12,492",,,"18,586","17,942",,,"14,166","14,509","14,186","7,007"
4,"25,375","26,213","29,165","15,439","44,259","48,913","62,611","23,237","37,349","38,813","55,676","21,354","51,055","57,388","73,555","25,205","17,637","19,090","18,943","9,132","18,448","21,084",,,"17,261","18,304",,,"17,644","19,838",,,"13,660","14,431",,,"19,029","19,812",,,"19,595","19,500",,,"17,635","18,889","17,634","9,200","32,988","33,991","50,963","17,537","17,710","18,707",,,"27,344","27,495","41,944","13,675","13,559","12,827",,,"14,014","14,291",,,"15,225","15,925",,,"12,912","14,033",,,"11,013","10,978",,,"12,109","13,376",,,"19,105","18,416",,,"14,625","15,118","14,462","7,555"
5,"25,351","26,185","29,153","15,422","44,223","48,889","62,534","23,199","37,267","38,742","55,534","21,291","51,065","57,404","73,580","25,193","17,645","19,099","18,957","9,133","18,446","21,090",,,"17,373","18,437",,,"17,604","19,793",,,"13,625","14,376",,,"19,017","19,801",,,"19,625","19,497",,,"17,658","18,912","17,654","9,224","32,930","33,922","50,918","17,509","17,719","18,725",,,"27,262","27,390","41,936","13,659","13,564","12,831",,,"14,049","14,334",,,"15,231","15,943",,,"12,885","13,993",,,"11,005","10,966",,,"12,160","13,448",,,"19,122","18,437",,,"14,635","15,133","14,460","7,570"
6,"25,334","26,152","29,163","15,429","44,175","48,811","62,509","23,202","37,202","38,645","55,473","21,285","51,033","57,341","73,611","25,205","17,667","19,111","19,006","9,160","18,452","21,063",,,"17,473","18,560",,,"17,567","19,758",,,"13,640","14,395",,,"19,018","19,801",,,"19,720","19,495",,,"17,696","18,937","17,715","9,308","32,875","33,843","50,896","17,499","17,749","18,784",,,"27,194","27,300","41,923","13,649","13,565","12,825",,,"14,065","14,358",,,"15,242","15,976",,,"12,880","13,976",,,"10,980","10,931",,,"12,229","13,552",,,"19,141","18,444",,,"14,650","15,151","14,466","7,579"
7,"25,320","26,112","29,230","15,423","44,084","48,627","62,598","23,203","37,102","38,489","55,436","21,247","50,951","57,133","73,898","25,248","17,688","19,125","19,075","9,152","18,454","21,053",,,"17,580","18,688",,,"17,564","19,773",,,"13,659","14,417",,,"18,952","19,674",,,"19,800","19,508",,,"17,724","18,950","17,798","9,317","32,822","33,749","50,971","17,484","17,808","18,903",,,"27,162","27,241","42,009","13,618","13,573","12,838",,,"14,113","14,405",,,"15,267","16,014",,,"12,910","13,959",,,"10,981","10,952",,,"12,367","13,734",,,"19,153","18,430",,,"14,687","15,183","14,509","7,628"
8,"25,307","26,056","29,367","15,425","44,057","48,461","63,032","23,197","37,043","38,295","55,696","21,217","50,956","56,991","74,607","25,266","17,721","19,128","19,232","9,164","18,435","21,009",,,"17,643","18,746",,,"17,525","19,723",,,"13,733","14,513",,,"18,970","19,674",,,"20,122","19,514",,,"17,779","18,967","17,980","9,351","32,766","33,624","51,178","17,480","17,818","18,924",,,"27,075","27,124","41,999","13,622","13,590","12,848",,,"14,130","14,435",,,"15,276","16,037",,,"12,908","13,955",,,"10,987","10,956",,,"12,419","13,816",,,"19,189","18,501",,,"14,707","15,219","14,528","7,633"
9,"25,313","26,038","29,452","15,431","44,079","48,389","63,423","23,199","36,987","38,178","55,744","21,204","51,054","56,957","75,538","25,284","17,753","19,160","19,279","9,177","18,447","21,012",,,"17,777","18,898",,,"17,503","19,703",,,"13,744","14,525",,,"19,000","19,708",,,"20,173","19,516",,,"17,828","19,013","18,036","9,400","32,757","33,562","51,413","17,476","17,848","18,984",,,"27,042","27,059","42,105","13,622","13,582","12,831",,,"14,143","14,456",,,"15,172","16,069",,,"12,914","13,962",,,"10,984","10,951",,,"12,501","13,934",,,"19,164","18,480",,,"14,700","15,235","14,472","7,647"
10,"25,377","26,096","29,558","15,456","44,174","48,435","63,814","23,221","37,027","38,235","55,823","21,185","51,202","56,994","76,424","25,348","17,814","19,236","19,327","9,177","18,502","21,069",,,"17,973","19,153",,,"17,503","19,721",,,"13,770","14,557",,,"19,014","19,728",,,"20,219","19,542",,,"17,905","19,105","18,099","9,413","32,819","33,605","51,604","17,501","17,946","19,034",,,"27,091","27,107","42,113","13,672","13,600","12,847",,,"14,197","14,520",,,"15,241","16,149",,,"12,958","13,979",,,"10,990","10,959",,,"12,654","14,154",,,"19,192","18,495",,,"14,755","15,290","14,518","7,689"
11,"25,394","26,136","29,510","15,452","44,086","48,394","63,443","23,200","36,848","38,174","55,132","21,148","51,203","56,970","76,557","25,345","17,857","19,290","19,361","9,186","18,490","21,038",,,"18,188","19,413",,,"17,492","19,725",,,"13,763","14,540",,,"19,045","19,768",,,"20,300","19,644",,,"17,965","19,173","18,147","9,443","32,803","33,622","51,421","17,489","17,979","19,102",,,"27,139","27,165","42,135","13,673","13,625","12,878",,,"14,229","14,571",,,"15,297","16,227",,,"12,984","13,995",,,"10,995","10,947",,,"12,830","14,410",,,"19,238","18,541",,,"14,807","15,356","14,541","7,706"
12,"25,420","26,160","29,567","15,458","44,074","48,375","63,460","23,188","36,819","38,110","55,167","21,138","51,210","56,989","76,547","25,331","17,928","19,373","19,421","9,211","18,533","21,056",,,"18,408","19,670",,,"17,481","19,735",,,"13,864","14,672",,,"19,061","19,783",,,"20,377","19,724",,,"18,060","19,276","18,234","9,501","32,780","33,598","51,409","17,480","18,652","19,120",,,"27,102","27,129","42,119","13,673","13,629","12,894",,,"14,316","14,687",,,"15,407","16,331",,,"12,929","13,912",,,"11,052","10,931",,,"12,997","14,638",,,"19,308","18,587",,,"14,881","15,412","14,649","7,751"
'14.1,"25,471","26,213","29,648","15,458","44,085","48,396","63,493","23,163","36,810","38,097","55,186","21,117","51,239","57,038","76,601","25,301","17,959","19,405","19,466","9,227","18,556","21,067",,,"18,501","19,766",,,"17,482","19,743",,,"13,900","14,719",,,"19,077","19,801",,,"20,397","19,722",,,"18,101","19,313","18,288","9,532","32,832","33,662","51,500","17,471","18,899","19,266",,,"27,206","27,233","42,307","13,682","13,643","12,912",,,"14,386","14,777",,,"15,458","16,397",,,"12,935","13,918",,,"11,037","10,918",,,"13,225","14,770",,,"19,345","18,617",,,"14,941","15,458","14,743","7,778"
2,"25,508","26,242","29,720","15,471","44,138","48,463","63,559","23,178","36,845","38,157","55,194","21,125","51,310","57,111","76,759","25,324","18,014","19,468","19,514","9,245","18,576","21,084",,,"18,637","19,929",,,"17,523","19,829",,,"13,946","14,778",,,"19,092","19,810",,,"20,482","19,725",,,"18,159","19,371","18,357","9,570","32,859","33,678","51,608","17,478","18,915","19,297",,,"27,206","27,202","42,518","13,685","13,650","12,907",,,"14,457","14,853",,,"15,519","16,479",,,"12,924","13,901",,,"11,033","10,896",,,"13,291","14,872",,,"19,409","18,602",,,"14,980","15,483","14,778","7,794"
3,"25,591","26,335","29,796","15,498","44,251","48,582","63,747","23,234","36,930","38,250","55,309","21,171","51,450","57,251","77,061","25,389","18,094","19,570","19,566","9,262","18,622","21,142",,,"18,853","20,194",,,"17,573","19,910",,,"13,992","14,830",,,"19,105","19,826",,,"20,592","19,842",,,"18,248","19,478","18,419","9,597","32,948","33,778","51,704","17,510","18,908","19,284",,,"27,286","27,293","42,531","13,694","13,644","12,920",,,"14,557","14,992",,,"15,571","16,536",,,"12,933","13,908",,,"11,037","10,890",,,"13,422","15,074",,,"19,494","18,654",,,"15,041","15,547","14,842","7,788"
4,"25,659","26,406","29,881","15,514","44,291","48,630","63,815","23,239","36,931","38,257","55,299","21,171","51,529","57,335","77,253","25,401","18,200","19,687","19,685","9,302","18,669","21,160",,,"19,109","20,477",,,"17,630","19,990",,,"14,122","14,996",,,"19,132","19,843",,,"20,772","20,041",,,"18,369","19,605","18,552","9,651","32,987","33,826","51,735","17,515","18,919","19,306",,,"27,319","27,334","42,522","13,692","13,659","12,938",,,"14,636","15,094",,,"15,785","16,610",,,"12,938","13,896",,,"11,021","10,861",,,"13,519","15,219",,,"19,578","18,738",,,"15,118","15,610","14,947","7,816"
5,"25,682","26,434","29,915","15,522","44,266","48,566","63,872","23,248","36,877","38,184","55,331","21,088","51,532","57,278","77,350","25,505","18,254","19,749","19,742","9,316","18,701","21,202",,,"19,285","20,661",,,"17,635","19,999",,,"14,164","15,049",,,"19,137","19,844",,,"20,846","20,122",,,"18,437","19,682","18,616","9,678","32,991","33,826","51,773","17,521","18,919","19,306",,,"27,349","27,373","42,547","13,696","13,632","12,940",,,"14,704","15,173",,,"15,814","16,654",,,"12,929","13,883",,,"11,015","10,847",,,"13,548","15,264",,,"19,605","18,831",,,"15,137","15,654","14,951","7,824"
6,"25,718","26,461","30,006","15,530","44,239","48,539","63,842","23,223","36,842","38,157","55,272","21,058","51,512","57,250","77,366","25,486","18,348","19,838","19,884","9,366","18,807","21,238",,,"19,467","20,861",,,"17,648","20,011",,,"14,369","15,315",,,"19,124","19,827",,,"20,910","20,176",,,"18,554","19,791","18,768","9,772","32,979","33,810","51,803","17,507","18,908","19,283",,,"27,343","27,359","42,640","13,693","13,645","12,951",,,"14,783","15,279",,,"15,875","16,733",,,"12,913","13,859",,,"11,012","10,836",,,"13,636","15,326",,,"19,754","18,861",,,"15,201","15,691","15,061","7,866"
7,"25,744","26,484","30,067","15,532","44,255","48,556","63,914","23,206","36,828","38,153","55,270","21,014","51,559","57,284","77,554","25,496","18,391","19,863","20,017","9,380","18,859","21,253",,,"19,604","20,979",,,"17,662","20,040",,,"14,314","15,236",,,"19,117","19,818",,,"21,013","20,229",,,"18,607","19,815","18,918","9,807","32,988","33,818","51,838","17,499","18,889","19,245",,,"27,343","27,355","42,639","13,701","13,657","12,962",,,"15,030","15,560",,,"15,909","16,780",,,"12,910","13,855",,,"11,005","10,824",,,"13,673","15,384",,,"19,784","18,914",,,"15,245","15,750","15,076","7,894"
8,"25,778","26,519","30,110","15,537","44,281","48,600","63,945","23,188","36,827","38,151","55,256","21,025","51,611","57,368","77,657","25,449","18,434","19,899","20,095","9,407","18,865","21,250",,,"19,731","21,065",,,"17,678","20,067",,,"14,423","15,351",,,"19,083","19,770",,,"21,076","20,291",,,"18,658","19,854","19,004","9,862","33,012","33,852","51,863","17,493","18,856","19,185",,,"27,369","27,384","42,659","13,709","13,661","12,961",,,"15,108","15,659",,,"15,937","16,829",,,"12,908","13,851",,,"10,998","10,807",,,"13,750","15,462",,,"19,839","18,958",,,"15,281","15,787","15,104","7,917"
9,"25,896","26,672","30,179","15,550","44,461","48,892","64,049","23,176","36,913","38,269","55,366","21,032","51,885","57,806","77,751","25,415","18,561","20,057","20,180","9,441","18,940","21,360",,,"20,016","21,386",,,"17,741","20,148",,,"14,660","15,653",,,"19,089","19,776",,,"21,198","20,407",,,"18,803","20,033","19,086","9,920","33,141","34,027","51,945","17,493","18,856","19,184",,,"27,469","27,505","42,708","13,725","13,699","12,974",,,"15,196","15,768",,,"16,005","16,937",,,"12,914","13,844",,,"11,001","10,813",,,"13,815","15,548",,,"19,934","19,049",,,"15,339","15,851","15,149","7,962"
10,"26,014","26,809","30,278","15,591","44,604","49,091","64,173","23,208","37,001","38,407","55,397","21,067","52,081","58,057","78,022","25,444","18,703","20,209","20,367","9,480","19,102","21,476",,,"20,367","21,805",,,"17,797","20,235",,,"14,731","15,743",,,"19,150","19,835",,,"21,251","20,449",,,"18,971","20,202","19,296","9,990","33,259","34,179","52,016","17,528","18,866","19,205",,,"27,584","27,640","42,730","13,779","13,702","12,988",,,"15,342","15,953",,,"16,056","17,012",,,"12,926","13,846",,,"10,998","10,804",,,"13,872","15,620",,,"20,038","19,149",,,"15,396","15,920","15,186","8,006"
11,"26,079","26,889","30,324","15,613","44,647","49,153","64,185","23,230","37,026","38,426","55,419","21,106","52,142","58,154","78,016","25,450","18,793","20,309","20,463","9,513","19,165","21,538",,,"20,625","22,074",,,"17,820","20,268",,,"14,828","15,862",,,"19,175","19,867",,,"21,314","20,517",,,"19,081","20,321","19,399","10,050","33,309","34,249","52,026","17,542","18,878","19,228",,,"27,648","27,724","42,732","13,789","13,619","12,881",,,"15,429","16,065",,,"16,085","17,061",,,"12,948","13,848",,,"10,992","10,804",,,"13,960","15,747",,,"20,150","19,265",,,"15,449","15,978","15,223","8,027"
12,"26,126","26,949","30,334","15,638","44,670","49,177","64,180","23,268","37,040","38,454","55,376","21,130","52,175","58,174","78,073","25,502","18,863","20,404","20,482","9,538","19,199","21,615",,,"20,824","22,307",,,"17,837","20,282",,,"14,935","15,995",,,"19,180","19,872",,,"21,395","20,620",,,"19,167","20,436","19,412","10,094","33,338","34,284","52,028","17,563","18,883","19,238",,,"27,686","27,772","42,724","13,797","13,628","12,887",,,"15,474","16,156",,,"16,122","17,103",,,"12,941","13,840",,,"10,974","10,781",,,"14,085","15,927",,,"20,214","19,338",,,"15,496","16,037","15,241","8,060"
'15.1,"26,186","27,028","30,349","15,648","44,724","49,283","64,141","23,268","37,074","38,553","55,301","21,121","52,248","58,286","78,088","25,511","18,973","20,545","20,547","9,558","19,281","21,738",,,"21,098","22,621",,,"17,867","20,326",,,"15,152","16,261",,,"19,179","19,872",,,"21,441","20,671",,,"19,300","20,604","19,485","10,123","33,382","34,347","52,013","17,568","18,882","19,237",,,"27,725","27,810","42,735","13,807","13,640","12,894",,,"15,508","16,200",,,"16,138","17,125",,,"12,957","13,847",,,"10,973","10,778",,,"14,045","15,860",,,"20,235","19,397",,,"15,512","16,057","15,242","8,078"
2,"26,282","27,143","30,419","15,678","44,861","49,460","64,309","23,296","37,173","38,639","55,502","21,171","52,421","58,541","78,205","25,516","19,083","20,681","20,613","9,606","19,326","21,784",,,"21,382","22,954",,,"17,952","20,446",,,"15,294","16,438",,,"19,181","19,874",,,"21,548","20,798",,,"19,417","20,744","19,555","10,190","33,486","34,474","52,116","17,591","18,882","19,236",,,"27,804","27,906","42,777","13,821","13,651","12,908",,,"15,560","16,253",,,"16,154","17,144",,,"12,968","13,859",,,"10,974","10,779",,,"14,167","16,023",,,"20,305","19,458",,,"15,561","16,109","15,275","8,098"
3,"26,417","27,320","30,471","15,730","45,026","49,700","64,402","23,344","37,319","38,845","55,617","21,222","52,606","58,808","78,263","25,563","19,253","20,910","20,667","9,660","19,412","21,901",,,"21,906","23,592",,,"18,046","20,584",,,"15,549","16,722",,,"19,191","19,871",,,"21,491","20,901",,,"19,610","20,998","19,614","10,267","33,625","34,660","52,190","17,636","18,953","19,326",,,"27,935","28,069","42,842","13,871","13,674","12,933",,,"15,589","16,296",,,"16,172","17,160",,,"13,002","13,866",,,"10,966","10,767",,,"14,217","16,269",,,"20,437","19,558",,,"15,618","16,179","15,296","8,172"
4,"26,582","27,512","30,611","15,803","45,258","49,999","64,663","23,416","37,475","39,024","55,871","21,264","52,913","59,208","78,537","25,664","19,418","21,096","20,837","9,720","19,510","22,034",,,"22,307","23,938",,,"18,165","20,770",,,"15,744","16,944",,,"19,202","19,885",,,"21,642","21,076",,,"19,789","21,184","19,804","10,370","33,819","34,899","52,379","17,696","19,123","19,672",,,"28,116","28,281","42,984","13,939","13,710","12,999",,,"15,598","16,300",,,"16,195","17,172",,,"13,023","13,893",,,"10,991","10,784",,,"14,384","16,511",,,"20,512","19,654",,,"15,690","16,258","15,341","8,305"
5,"26,719","27,671","30,722","15,867","45,439","50,198","64,868","23,543","37,583","39,155","55,963","21,339","53,165","59,463","78,920","25,847","19,583","21,312","20,927","9,747","19,654","22,233",,,"22,641","24,364",,,"18,270","20,926",,,"15,989","17,241",,,"19,208","19,891",,,"21,770","21,194",,,"19,972","21,416","19,898","10,412","33,964","35,070","52,515","17,766","19,122","19,671",,,"28,241","28,437","43,054","13,960","13,902","13,042",,,"15,621","16,319",,,"16,202","17,190",,,"13,088","13,932",,,"11,101","10,789",,,"14,401","16,530",,,"20,569","19,729",,,"15,752","16,303","15,438","8,352"
6,"26,871","27,856","30,822","15,925","45,666","50,513","64,994","23,642","37,676","39,252","56,025","21,447","53,524","59,962","79,146","25,934","19,767","21,535","21,079","9,788","19,882","22,525",,,"22,979","24,727",,,"18,362","21,072",,,"16,194","17,476",,,"19,211","19,896",,,"21,935","21,389",,,"20,182","21,660","20,071","10,481","34,124","35,274","52,591","17,827","19,164","19,754",,,"28,360","28,581","43,090","13,992","14,101","13,275",,,"15,686","16,409",,,"16,180","17,156",,,"13,138","13,921",,,"11,105","10,733",,,"14,440","16,587",,,"20,663","19,877",,,"15,810","16,377","15,503","8,376"
7,"27,043","28,053","30,988","15,985","45,931","50,835","65,293","23,762","37,895","39,458","56,387","21,591","53,833","60,382","79,346","26,031","19,933","21,735","21,220","9,833","19,960","22,676",,,"23,333","25,159",,,"18,495","21,271",,,"16,352","17,624",,,"19,237","19,902",,,"22,273","21,572",,,"20,359","21,860","20,225","10,544","34,333","35,517","52,854","17,890","19,121","19,669",,,"28,541","28,783","43,362","13,995","14,202","13,287",,,"15,743","16,488",,,"16,200","17,180",,,"13,166","13,936",,,"11,099","10,732",,,"14,596","16,828",,,"20,740","19,968",,,"15,881","16,454","15,571","8,395"
8,"27,199","28,250","31,070","16,032","46,224","51,213","65,645","23,838","38,044","39,641","56,575","21,647","54,268","60,924","79,958","26,128","20,107","21,972","21,272","9,871","20,189","22,978",,,"23,687","25,580",,,"18,615","21,457",,,"16,514","17,823",,,"19,271","19,924",,,"22,205","21,703",,,"20,548","22,111","20,279","10,611","34,521","35,750","53,025","17,932","19,121","19,669",,,"28,654","28,931","43,346","14,009","14,172","13,348",,,"15,765","16,511",,,"16,180","17,165",,,"13,171","13,938",,,"11,103","10,725",,,"14,658","16,915",,,"20,823","20,058",,,"15,914","16,499","15,576","8,445"
9,"27,370","28,463","31,184","16,071","46,507","51,618","65,878","23,891","38,272","39,946","56,884","21,668","54,606","61,412","80,069","26,214","20,284","22,188","21,409","9,917","20,382","23,201",,,"23,907","25,828",,,"18,764","21,687",,,"16,671","17,986",,,"19,313","19,977",,,"22,533","22,126",,,"20,733","22,323","20,430","10,687","34,726","36,027","53,136","17,965","19,122","19,670",,,"28,804","29,135","43,326","14,026","14,478","13,436",,,"15,779","16,529",,,"16,179","17,168",,,"13,180","13,945",,,"11,118","10,737",,,"14,759","17,063",,,"20,895","20,125",,,"15,980","16,555","15,664","8,471"
10,"27,525","28,623","31,372","16,143","46,754","51,865","66,382","23,984","38,434","40,130","57,112","21,738","54,937","61,711","81,010","26,330","20,477","22,411","21,615","9,959","20,647","23,462",,,"24,268","26,276",,,"18,851","21,819",,,"16,835","18,162",,,"19,340","19,985",,,"22,687","22,349",,,"20,958","22,571","20,656","10,761","34,894","36,196","53,432","18,041","19,122","19,670",,,"28,926","29,263","43,430","14,111","14,532","13,504",,,"15,791","16,533",,,"16,187","17,179",,,"13,199","13,963",,,"11,130","10,749",,,"14,819","17,119",,,"20,951","20,172",,,"16,016","16,592","15,698","8,499"
11,"27,687","28,820","31,497","16,184","47,071","52,282","66,774","24,037","38,694","40,374","57,687","21,802","55,309","62,274","81,114","26,373","20,619","22,596","21,695","9,985","20,852","23,758",,,"24,349","26,348",,,"18,979","22,005",,,"16,998","18,352",,,"19,358","19,999",,,"22,950","22,705",,,"21,104","22,755","20,732","10,802","35,098","36,445","53,663","18,080","19,253","19,928",,,"29,050","29,414","43,494","14,144","14,450","13,579",,,"15,793","16,521",,,"16,214","17,207",,,"13,265","13,987",,,"11,171","10,846",,,"14,914","17,260",,,"21,029","20,248",,,"16,086","16,673","15,747","8,568"
12,"27,773","28,919","31,578","16,210","47,205","52,475","66,874","24,066","38,777","40,514","57,696","21,828","55,494","62,512","81,356","26,403","20,697","22,675","21,815","9,995","20,998","23,921",,,"24,412","26,394",,,"19,017","22,062",,,"17,061","18,393",,,"19,363","20,003",,,"23,071","22,846",,,"21,193","22,840","20,850","10,850","35,198","36,579","53,729","18,091","19,255","19,931",,,"29,139","29,529","43,501","14,155","14,489","13,622",,,"15,783","16,489",,,"16,204","17,194",,,"13,355","13,997",,,"11,194","10,874",,,"14,890","17,222",,,"21,003","20,292",,,"16,130","16,697","15,814","8,684"
'16.1,"29,435","30,443","33,210","17,074","49,447","55,282","68,478","25,134","40,539","42,566","59,758","22,682","58,260","66,109","82,239","27,695","22,802","24,942","23,822","10,765","22,703","25,259",,,"26,391","28,550",,,"21,274","24,899",,,"20,262","21,752",,,"21,104","21,946",,,"25,224","25,363",,,"23,255","24,954","22,989","11,703","36,895","38,460","54,937","19,036","22,939","25,050",,,"30,591","31,104","44,283","15,062","15,878","15,303",,,"17,014","17,309",,,"18,290","18,809",,,"16,040","16,964",,,"13,636","13,801",,,"16,524","17,995",,,"22,817","21,702",,,"18,120","18,547","17,989","8,869"
2,"29,472","30,477","33,279","17,092","49,513","55,342","68,623","25,164","40,620","42,656","59,901","22,699","58,311","66,143","82,387","27,739","22,845","24,975","23,927","10,779","22,777","25,336",,,"26,374","28,505",,,"21,317","24,919",,,"20,328","21,815",,,"21,118","21,964",,,"25,317","25,447",,,"23,298","24,990","23,075","11,706","36,931","38,493","55,024","19,056","22,992","25,129",,,"30,599","31,122","44,261","15,063","15,936","15,386",,,"17,010","17,296",,,"18,292","18,813",,,"16,063","16,985",,,"13,658","13,826",,,"16,482","17,937",,,"22,875","21,753",,,"18,153","18,581","18,024","8,892"
3,"29,513","30,513","33,374","17,085","49,572","55,435","68,757","25,105","40,721","42,768","60,000","22,781","58,328","66,219","82,573","27,534","22,887","24,996","24,061","10,797","22,865","25,423",,,"26,324","28,405",,,"21,355","24,951",,,"20,342","21,817",,,"21,141","21,982",,,"25,489","25,551",,,"23,341","25,009","23,207","11,726","36,975","38,543","55,139","19,039","23,055","25,223",,,"30,632","31,151","44,346","15,089","16,099","15,589",,,"17,005","17,284",,,"18,268","18,813",,,"16,067","16,989",,,"13,691","13,871",,,"16,462","17,914",,,"22,916","21,759",,,"18,186","18,604","18,067","8,935"
4,"29,566","30,560","33,465","17,110","49,689","55,592","68,955","25,085","40,841","42,869","60,238","22,853","58,443","66,425","82,709","27,417","22,939","25,028","24,187","10,859","22,976","25,532",,,"26,312","28,360",,,"21,426","24,977",,,"20,340","21,800",,,"21,143","21,984",,,"25,599","25,660",,,"23,388","25,042","23,307","11,759","37,044","38,615","55,268","19,053","23,128","25,333",,,"30,658","31,180","44,346","15,112","16,172","15,690",,,"16,995","17,252",,,"18,263","18,808",,,"16,053","16,991",,,"13,721","13,902",,,"16,426","17,865",,,"22,929","21,759",,,"18,207","18,612","18,111","9,041"
5,"29,641","30,640","33,548","17,139","49,904","55,896","69,137","25,121","40,992","43,061","60,403","22,911","58,720","66,824","82,917","27,431","22,973","25,050","24,288","10,876","23,121","25,671",,,"26,225","28,240",,,"21,458","25,005",,,"20,371","21,824",,,"21,146","21,990",,,"25,600","25,660",,,"23,422","25,063","23,409","11,772","37,161","38,755","55,392","19,089","23,221","25,471",,,"30,715","31,243","44,407","15,155","16,306","15,841",,,"16,978","17,208",,,"18,273","18,811",,,"16,066","17,002",,,"13,753","13,932",,,"16,380","17,818",,,"22,932","21,748",,,"18,221","18,620","18,133","9,038"
6,"29,739","30,739","33,662","17,186","50,198","56,292","69,423","25,193","41,137","43,228","60,660","22,934","59,161","67,415","83,251","27,554","23,020","25,089","24,397","10,881","23,203","25,767",,,"26,185","28,150",,,"21,521","25,088",,,"20,457","21,902",,,"21,237","22,038",,,"25,570","25,628",,,"23,465","25,089","23,520","11,782","37,322","38,936","55,599","19,136","23,220","25,469",,,"30,790","31,313","44,541","15,191","16,362","15,906",,,"16,940","17,151",,,"18,279","18,801",,,"16,079","17,017",,,"13,758","13,939",,,"16,311","17,724",,,"22,937","21,748",,,"18,229","18,615","18,150","9,151"
7,"29,882","30,879","33,835","17,268","50,611","56,829","69,836","25,336","41,402","43,520","61,059","23,047","59,722","68,160","83,685","27,729","23,093","25,156","24,525","10,909","23,403","25,977",,,"26,123","28,044",,,"21,609","25,185",,,"20,531","21,992",,,"21,244","22,047",,,"25,583","25,628",,,"23,533","25,148","23,640","11,805","37,550","39,180","55,902","19,239","23,244","25,505",,,"30,898","31,407","44,738","15,270","16,489","16,046",,,"16,927","17,125",,,"18,184","18,680",,,"16,102","17,024",,,"13,828","14,012",,,"16,257","17,645",,,"22,948","21,730",,,"18,249","18,610","18,225","9,149"
8,"30,030","31,035","33,973","17,345","51,019","57,388","70,147","25,465","41,674","43,852","61,368","23,172","60,263","68,913","84,000","27,861","23,184","25,252","24,619","10,966","23,624","26,261",,,"26,050","27,935",,,"21,722","25,300",,,"20,626","22,071",,,"21,299","22,101",,,"25,604","25,664",,,"23,617","25,239","23,711","11,861","37,781","39,441","56,161","19,326","23,265","25,536",,,"31,010","31,515","44,933","15,313","16,672","16,268",,,"16,961","17,069",,,"18,135","18,594",,,"16,115","17,026",,,"13,904","14,089",,,"16,125","17,466",,,"22,963","21,716",,,"18,265","18,603","18,287","9,168"
9,"30,191","31,192","34,189","17,415","51,416","57,939","70,444","25,584","41,924","44,143","61,689","23,292","60,806","69,685","84,261","27,979","23,289","25,331","24,866","11,017","23,934","26,526",,,"26,019","27,880",,,"21,840","25,395",,,"20,634","22,075",,,"21,308","22,111",,,"25,597","25,667",,,"23,719","25,313","23,936","11,894","38,004","39,697","56,391","19,409","23,355","25,670",,,"31,112","31,625","45,037","15,351","16,835","16,392",,,"17,007","17,052",,,"18,141","18,596",,,"16,154","17,058",,,"13,934","14,128",,,"16,124","17,448",,,"22,971","21,717",,,"18,339","18,626","18,480","9,185"
10,"30,446","31,468","34,439","17,509","52,085","58,814","71,199","25,748","42,463","44,675","62,680","23,519","61,603","70,851","84,641","28,077","23,486","25,557","25,048","11,081","24,478","27,183",,,"26,009","27,836",,,"22,012","25,645",,,"20,705","22,136",,,"21,351","22,165",,,"25,597","25,670",,,"23,923","25,533","24,135","11,991","38,368","40,116","56,831","19,508","23,384","25,725",,,"31,267","31,797","45,186","15,395","16,965","16,537",,,"17,044","17,028",,,"18,148","18,604",,,"16,189","17,092",,,"13,988","14,201",,,"16,129","17,422",,,"22,987","21,722",,,"18,386","18,653","18,565","9,227"
11,"30,667","31,720","34,615","17,584","52,592","59,511","71,640","25,874","42,873","45,155","63,271","23,659","62,206","71,732","84,845","28,190","23,669","25,773","25,233","11,109","24,944","27,810",,,"26,016","27,820",,,"22,134","25,807",,,"20,894","22,258",,,"21,401","22,225",,,"25,606","25,692",,,"24,124","25,764","24,333","12,005","38,663","40,471","57,080","19,598","23,538","25,954",,,"31,429","31,983","45,244","15,454","17,149","16,767",,,"16,991","16,956",,,"18,125","18,584",,,"16,284","17,184",,,"14,106","14,346",,,"16,061","17,329",,,"23,032","21,748",,,"18,448","18,701","18,644","9,290"
12,"30,748","31,801","34,725","17,626","52,730","59,670","71,831","25,934","42,985","45,292","63,441","23,679","62,371","71,912","85,069","28,290","23,753","25,869","25,333","11,140","25,160","28,124",,,"26,055","27,794",,,"22,178","25,854",,,"20,938","22,311",,,"21,423","22,254",,,"25,618","25,704",,,"24,220","25,873","24,431","12,056","38,755","40,565","57,232","19,639","23,595","26,039",,,"31,495","32,047","45,355","15,487","17,214","16,841",,,"16,968","16,928",,,"18,102","18,543",,,"16,317","17,213",,,"14,177","14,438",,,"16,141","17,329",,,"23,066","21,753",,,"18,486","18,720","18,720","9,314"
'17.1,"30,811","31,849","34,838","17,667","52,823","59,769","71,939","26,002","43,045","45,361","63,543","23,694","62,495","72,036","85,189","28,414","23,824","25,938","25,458","11,154","25,398","28,406",,,"26,054","27,745",,,"22,175","25,838",,,"20,983","22,336",,,"21,444","22,282",,,"25,633","25,743",,,"24,313","25,965","24,562","12,078","38,824","40,615","57,429","19,689","23,645","26,113",,,"31,565","32,081","45,686","15,534","17,255","16,890",,,"16,958","16,921",,,"18,083","18,514",,,"16,326","17,227",,,"14,287","14,588",,,"16,140","17,301",,,"23,059","21,701",,,"18,498","18,721","18,729","9,311"
2,"30,864","31,888","34,962","17,681","52,906","59,861","72,126","26,007","43,126","45,441","63,718","23,705","62,582","72,137","85,392","28,412","23,870","25,989","25,506","11,169","25,508","28,538",,,"26,045","27,720",,,"22,199","25,869",,,"21,050","22,418",,,"21,477","22,328",,,"25,639","25,734",,,"24,365","26,021","24,612","12,102","38,887","40,665","57,632","19,702","23,645","26,113",,,"31,620","32,110","45,950","15,561","17,279","16,928",,,"16,942","16,898",,,"18,120","18,486",,,"16,347","17,251",,,"14,331","14,642",,,"16,184","17,270",,,"23,085","21,682",,,"18,527","18,720","18,825","9,323"
3,"30,940","31,949","35,102","17,728","53,054","60,017","72,398","26,061","43,234","45,539","63,942","23,752","62,769","72,343","85,741","28,475","23,953","26,052","25,693","11,213","25,674","28,688",,,"26,060","27,687",,,"22,250","25,899",,,"21,134","22,526",,,"21,514","22,369",,,"25,759","25,794",,,"24,458","26,093","24,779","12,183","38,979","40,747","57,834","19,745","23,759","26,276",,,"31,675","32,157","46,031","15,610","17,324","16,980",,,"16,927","16,877",,,"18,110","18,468",,,"16,375","17,276",,,"14,371","14,698",,,"16,269","17,260",,,"23,072","21,649",,,"18,548","18,722","18,879","9,336"
4,"31,015","32,008","35,242","17,773","53,248","60,215","72,769","26,139","43,349","45,650","64,079","23,860","63,040","72,616","86,480","28,522","24,016","26,107","25,822","11,230","25,803","28,832",,,"26,104","27,663",,,"22,300","25,957",,,"21,160","22,545",,,"21,536","22,400",,,"25,795","25,841",,,"24,524","26,147","24,902","12,220","39,078","40,838","58,029","19,796","23,798","26,334",,,"31,706","32,189","46,021","15,652","17,445","17,051",,,"16,908","16,847",,,"18,077","18,424",,,"16,409","17,293",,,"14,412","14,743",,,"16,353","17,240",,,"23,064","21,618",,,"18,571","18,715","18,970","9,342"
5,"31,126","32,125","35,351","17,819","53,587","60,708","72,983","26,214","43,520","45,864","64,301","23,910","63,546","73,347","86,683","28,621","24,077","26,160","25,944","11,249","25,952","28,981",,,"26,121","27,654",,,"22,355","26,014",,,"21,190","22,570",,,"21,537","22,404",,,"25,813","25,867",,,"24,587","26,200","25,024","12,231","39,251","41,043","58,179","19,851","23,845","26,404",,,"31,770","32,249","46,100","15,692","17,621","17,096",,,"16,888","16,819",,,"18,076","18,396",,,"16,436","17,320",,,"14,497","14,811",,,"16,332","17,205",,,"23,022","21,562",,,"18,584","18,704","19,025","9,377"
6,"31,331","32,360","35,500","17,885","54,314","61,755","73,538","26,339","43,897","46,403","64,657","23,978","64,620","74,827","87,551","28,805","24,139","26,221","26,023","11,296","26,135","29,161",,,"26,075","27,650",,,"22,399","26,057",,,"21,233","22,614",,,"21,552","22,425",,,"25,876","25,849",,,"24,655","26,266","25,095","12,306","39,604","41,472","58,510","19,922","24,087","26,764",,,"31,888","32,380","46,203","15,716","17,630","17,114",,,"16,863","16,776",,,"18,072","18,388",,,"16,453","17,329",,,"14,575","14,874",,,"16,308","17,185",,,"22,955","21,484",,,"18,581","18,690","19,040","9,372"
7,"31,501","32,545","35,645","17,958","54,831","62,448","74,095","26,445","44,262","46,919","64,976","24,076","65,287","75,668","88,482","28,920","24,219","26,307","26,118","11,326","26,277","29,295",,,"26,165","27,752",,,"22,484","26,180",,,"21,256","22,640",,,"21,584","22,465",,,"25,870","25,825",,,"24,734","26,342","25,197","12,355","39,884","41,800","58,794","20,006","24,462","27,320",,,"32,020","32,527","46,214","15,806","17,652","17,141",,,"16,856","16,766",,,"18,067","18,375",,,"16,475","17,334",,,"14,675","14,980",,,"16,281","17,158",,,"22,857","21,373",,,"18,584","18,678","19,071","9,382"
8,"31,725","32,838","35,701","18,004","55,566","63,627","74,310","26,509","44,711","47,681","65,122","24,124","66,303","77,203","88,809","29,002","24,316","26,431","26,154","11,366","26,388","29,436",,,"26,349","27,988",,,"22,596","26,336",,,"21,331","22,737",,,"21,616","22,509",,,"25,805","25,728",,,"24,826","26,457","25,235","12,395","40,267","42,322","58,914","20,053","25,029","28,161",,,"32,177","32,725","46,242","15,833","17,686","17,178",,,"16,787","16,667",,,"18,018","18,322",,,"16,492","17,345",,,"14,723","15,031",,,"16,249","17,077",,,"22,761","21,278",,,"18,570","18,651","19,071","9,431"
9,"31,813","32,936","35,778","18,028","55,793","63,924","74,586","26,555","44,902","47,963","65,281","24,155","66,568","77,512","89,269","29,063","24,376","26,500","26,214","11,380","26,429","29,467",,,"26,497","28,166",,,"22,654","26,417",,,"21,393","22,812",,,"21,644","22,540",,,"25,778","25,679",,,"24,887","26,522","25,298","12,413","40,412","42,499","59,061","20,081","25,135","28,319",,,"32,277","32,849","46,257","15,845","17,732","17,252",,,"16,743","16,596",,,"17,967","18,244",,,"16,509","17,340",,,"14,796","15,102",,,"16,207","17,021",,,"22,652","21,154",,,"18,547","18,609","19,085","9,425"
10,"31,924","33,065","35,847","18,074","56,155","64,468","74,739","26,639","45,130","48,327","65,430","24,170","67,062","78,211","89,429","29,219","24,425","26,548","26,272","11,416","26,465","29,484",,,"26,623","28,315",,,"22,684","26,449",,,"21,460","22,879",,,"21,696","22,592",,,"25,712","25,604",,,"24,941","26,575","25,357","12,464","40,602","42,739","59,179","20,131","25,219","28,443",,,"32,363","32,945","46,350","15,861","17,745","17,284",,,"16,704","16,540",,,"17,914","18,196",,,"16,537","17,354",,,"14,887","15,154",,,"16,151","16,926",,,"22,563","21,084",,,"18,530","18,576","19,110","9,429"
11,"32,065","33,237","35,911","18,113","56,622","65,193","74,890","26,726","45,388","48,736","65,550","24,226","67,736","79,204","89,627","29,339","24,492","26,624","26,342","11,432","26,497","29,496",,,"26,776","28,487",,,"22,716","26,498",,,"21,615","23,075",,,"21,742","22,632",,,"25,697","25,583",,,"25,018","26,658","25,434","12,492","40,837","43,049","59,277","20,175","25,248","28,487",,,"32,456","33,058","46,404","15,865","17,775","17,322",,,"16,660","16,476",,,"17,882","18,145",,,"16,570","17,396",,,"15,007","15,292",,,"16,166","16,906",,,"22,409","20,913",,,"18,510","18,535","19,126","9,438"
12,"32,232","33,441","35,994","18,151","57,246","66,147","75,185","26,819","45,665","49,090","65,922","24,282","68,702","80,669","89,802","29,469","24,539","26,669","26,413","11,456","26,524","29,499",,,"26,851","28,564",,,"22,748","26,522",,,"21,764","23,262",,,"21,777","22,680",,,"25,658","25,514",,,"25,070","26,709","25,495","12,526","41,136","43,434","59,466","20,220","25,251","28,491",,,"32,552","33,171","46,473","15,860","17,788","17,350",,,"16,621","16,410",,,"17,858","18,117",,,"16,591","17,414",,,"15,081","15,394",,,"16,157","16,883",,,"22,280","20,773",,,"18,484","18,498","19,113","9,420"
'18.1,"32,493","33,779","36,045","18,209","58,160","67,613","75,407","26,930","46,092","49,756","66,196","24,346","70,098","82,816","89,942","29,630","24,595","26,734","26,470","11,465","26,527","29,477",,,"27,005","28,756",,,"22,791","26,561",,,"21,878","23,403",,,"21,821","22,741",,,"25,636","25,501",,,"25,130","26,780","25,536","12,541","41,604","44,067","59,577","20,297","25,390","28,697",,,"32,757","33,421","46,434","15,924","17,790","17,377",,,"16,624","16,410",,,"17,816","18,054",,,"16,599","17,422",,,"15,161","15,505",,,"16,121","16,823",,,"22,195","20,652",,,"18,463","18,465","19,105","9,388"
2,"32,726","34,073","36,140","18,257","58,981","68,933","75,618","27,015","46,463","50,359","66,369","24,399","71,364","84,747","90,213","29,749","24,644","26,770","26,571","11,512","26,526","29,473",,,"27,122","28,867",,,"22,812","26,572",,,"22,060","23,498",,,"21,850","22,779",,,"25,607","25,470",,,"25,187","26,824","25,635","12,615","42,014","44,618","59,724","20,347","25,438","28,768",,,"32,925","33,617","46,508","15,942","17,795","17,383",,,"16,623","16,379",,,"17,803","18,047",,,"16,625","17,434",,,"15,206","15,563",,,"16,154","16,802",,,"22,141","20,602",,,"18,464","18,453","19,142","9,366"
