규모,전국 Total,,,,서울 Seoul,,,,강북(14개구) Northern seoul,,,,강남(11개구) Southern Seoul,,,,6개광역시 6 Large Cities,,,,부산   Pusan,,대구  Daegu,,인천  Incheon,,광주  Gwangju,,대전  Daejeon,,울산  Ulsan,,5개광역시 5 Large Cities,,,,수도권 Seoul Metropolitan Area,,,,세종  Sejong,,경기  Gyeonggi,,,,강원  Gangwon,,충북  Chungbuk,,충남  Chungnam,,전북  Jeonbuk,,전남  Jeonnam,,경북  Gyungbuk,,경남  Gyungnam,,기타지방 Non Metropolitan Area,,,
,종합,아파트,단독,연립,종합,아파트,단독,연립,종합,아파트,단독,연립,종합,아파트,단독,연립,종합,아파트,단독,연립,종합,아파트,종합,아파트,종합,아파트,종합,아파트,종합,아파트,종합,아파트,종합,아파트,단독,연립,종합,아파트,단독,연립,종합,아파트,종합,아파트,단독,연립,종합,아파트,종합,아파트,종합,아파트,종합,아파트,종합,아파트,종합,아파트,종합,아파트,종합,아파트,단독,연립
'11.6,"12,975","14,140","11,745","8,157","21,659","24,902","23,086","12,238","17,877","20,240","19,482","11,040","25,391","28,731","28,955","13,508","9,601","11,160","7,401","5,194","10,290","12,825","9,428","10,620","8,788","10,145","7,754","8,672","11,059","12,778","10,358","11,208", - , - , - , - ,"16,662","17,871","19,964","9,184", - , - ,"14,112","14,503","18,356","7,026","6,567","6,518","7,476","8,269","7,217","8,021","7,349","9,041","6,044","6,713","6,518","7,610","10,262","11,109","7,659","8,706","5,706","4,224"
7,"13,084","14,281","11,796","8,201","21,851","25,171","23,182","12,312","18,007","20,417","19,595","11,083","25,644","29,076","29,025","13,614","9,673","11,252","7,448","5,211","10,397","12,947","9,496","10,714","8,796","10,152","7,857","8,795","11,141","12,890","10,431","11,316", - , - , - , - ,"16,799","18,046","20,045","9,234", - , - ,"14,232","14,649","18,432","7,067","6,680","6,660","7,581","8,454","7,308","8,107","7,400","9,114","6,065","6,742","6,556","7,668","10,320","11,199","7,722","8,798","5,717","4,244"
8,"13,254","14,497","11,863","8,315","22,208","25,615","23,414","12,546","18,293","20,751","19,802","11,339","26,070","29,610","29,297","13,825","9,758","11,369","7,470","5,230","10,502","13,093","9,593","10,851","8,817","10,184","7,976","8,952","11,244","13,022","10,509","11,422", - , - , - , - ,"17,042","18,347","20,184","9,374", - , - ,"14,431","14,907","18,486","7,142","6,819","6,899","7,690","8,637","7,398","8,244","7,457","9,198","6,094","6,781","6,582","7,709","10,393","11,306","7,793","8,911","5,733","4,284"
9,"13,448","14,752","11,933","8,407","22,565","26,117","23,596","12,675","18,588","21,181","19,937","11,484","26,490","30,172","29,554","13,937","9,872","11,513","7,525","5,287","10,629","13,238","9,720","11,024","8,884","10,275","8,162","9,192","11,316","13,103","10,620","11,552", - , - , - , - ,"17,310","18,702","20,291","9,475", - , - ,"14,669","15,216","18,516","7,241","6,936","7,051","7,811","8,840","7,493","8,350","7,552","9,328","6,161","6,854","6,622","7,771","10,533","11,486","7,889","9,046","5,769","4,316"
10,"13,563","14,900","11,970","8,475","22,744","26,355","23,670","12,787","18,755","21,432","20,008","11,558","26,680","30,399","29,635","14,089","9,950","11,621","7,546","5,309","10,717","13,353","9,807","11,146","8,941","10,367","8,256","9,318","11,363","13,159","10,722","11,688", - , - , - , - ,"17,454","18,886","20,351","9,555", - , - ,"14,806","15,382","18,574","7,315","7,009","7,126","7,911","8,970","7,575","8,477","7,612","9,412","6,218","6,939","6,669","7,840","10,642","11,624","7,966","9,153","5,786","4,331"
11,"13,621","14,972","12,013","8,498","22,801","26,421","23,720","12,829","18,852","21,548","20,083","11,634","26,698","30,423","29,643","14,096","10,041","11,745","7,575","5,329","10,842","13,533","9,956","11,356","8,975","10,405","8,367","9,463","11,281","13,045","10,899","11,928", - , - , - , - ,"17,482","18,904","20,429","9,579", - , - ,"14,805","15,361","18,689","7,319","7,101","7,223","7,979","9,056","7,678","8,646","7,686","9,515","6,315","7,078","6,735","7,943","10,693","11,728","8,042","9,265","5,806","4,345"
12,"13,616","14,959","12,035","8,496","22,783","26,371","23,795","12,818","18,846","21,522","20,128","11,623","26,669","30,353","29,768","14,086","10,058","11,765","7,588","5,337","10,869","13,565","10,033","11,455","8,976","10,409","8,387","9,496","11,147","12,854","10,982","12,036", - , - , - , - ,"17,451","18,850","20,466","9,568", - , - ,"14,750","15,290","18,684","7,309","7,155","7,275","8,007","9,089","7,721","8,713","7,728","9,561","6,359","7,131","6,784","8,015","10,670","11,717","8,070","9,304","5,817","4,362"
'12.1,"13,648","14,986","12,084","8,524","22,820","26,398","23,867","12,849","18,889","21,508","20,300","11,669","26,698","30,414","29,677","14,099","10,098","11,816","7,601","5,367","10,904","13,609","10,127","11,578","8,991","10,426","8,472","9,601","11,051","12,715","11,104","12,204", - , - , - , - ,"17,461","18,850","20,501","9,591", - , - ,"14,733","15,265","18,675","7,329","7,204","7,327","8,054","9,139","7,765","8,796","7,953","9,619","6,387","7,166","6,845","8,108","10,680","11,732","8,139","9,358","5,919","4,400"
2,"13,774","15,033","12,476","8,612","22,945","26,430","24,368","12,912","19,094","21,566","21,001","11,723","26,745","30,425","29,851","14,171","10,202","11,885","7,851","5,407","10,937","13,644","10,274","11,697","9,011","10,466","8,540","9,694","11,227","12,667","11,503","12,444", - , - , - , - ,"17,573","18,881","21,021","9,646", - , - ,"14,859","15,294","19,348","7,407","7,195","7,396","8,102","9,187","8,278","8,886","8,026","9,662","6,379","7,198","6,888","8,167","10,755","11,758","8,298","9,408","6,250","4,788"
3,"13,831","15,091","12,544","8,645","22,983","26,465","24,419","12,947","19,149","21,629","21,033","11,781","26,767","30,437","29,935","14,182","10,253","11,954","7,866","5,430","10,986","13,704","10,372","11,836","9,029","10,489","8,601","9,778","11,193","12,620","11,639","12,620", - , - , - , - ,"17,608","18,919","21,056","9,679", - , - ,"14,896","15,337","19,365","7,451","7,287","7,502","8,158","9,259","8,347","8,992","8,390","9,785","6,420","7,249","6,953","8,258","10,803","11,810","8,404","9,489","6,409","4,813"
4,"13,869","15,139","12,568","8,668","22,988","26,460","24,434","12,968","19,179","21,666","21,058","11,801","26,746","30,397","29,934","14,206","10,314","12,032","7,899","5,442","11,045","13,759","10,475","11,983","9,050","10,520","8,682","9,885","11,161","12,575","11,800","12,846", - , - , - , - ,"17,618","18,926","21,080","9,701", - , - ,"14,908","15,348","19,405","7,482","7,406","7,638","8,204","9,322","8,448","9,161","8,446","9,863","6,484","7,338","7,054","8,399","10,853","11,848","8,476","9,581","6,421","4,856"
5,"13,901","15,195","12,573","8,672","22,999","26,468","24,469","12,967","19,225","21,729","21,100","11,811","26,723","30,361","29,958","14,193","10,362","12,098","7,911","5,454","11,076","13,799","10,540","12,064","9,075","10,561","8,767","9,998","11,104","12,500","12,006","13,128", - , - , - , - ,"17,614","18,924","21,081","9,699", - , - ,"14,881","15,328","19,362","7,478","7,508","7,962","8,243","9,384","8,489","9,253","8,488","9,928","6,783","7,946","7,230","8,655","10,858","11,845","8,568","9,749","6,424","4,877"
6,"13,907","15,201","12,580","8,678","22,993","26,453","24,483","12,968","19,222","21,716","21,120","11,811","26,714","30,344","29,962","14,195","10,373","12,111","7,921","5,463","11,058","13,763","10,586","12,117","9,073","10,560","8,814","10,061","11,081","12,470","12,063","13,205", - , - , - , - ,"17,606","18,912","21,084","9,700", - , - ,"14,869","15,315","19,353","7,483","7,532","7,983","8,265","9,421","8,508","9,302","8,573","10,050","6,800","7,959","7,301","8,750","10,847","11,823","8,599","9,788","6,430","4,903"
7,"13,917","15,214","12,582","8,682","22,985","26,441","24,478","12,966","19,214","21,704","21,114","11,810","26,705","30,332","29,957","14,192","10,384","12,122","7,932","5,474","11,032","13,711","10,644","12,190","9,084","10,577","8,859","10,121","11,046","12,421","12,106","13,264", - , - , - , - ,"17,608","18,916","21,080","9,699", - , - ,"14,878","15,328","19,347","7,484","7,563","8,023","8,302","9,492","8,576","9,409","8,565","10,039","6,800","7,959","7,372","8,859","10,849","11,820","8,625","9,825","6,431","4,918"
8,"13,929","15,228","12,591","8,695","22,995","26,446","24,490","12,992","19,219","21,708","21,116","11,819","26,722","30,337","29,986","14,236","10,389","12,127","7,938","5,476","11,015","13,682","10,684","12,244","9,085","10,578","8,872","10,139","11,027","12,394","12,130","13,295", - , - , - , - ,"17,620","18,925","21,101","9,713", - , - ,"14,896","15,343","19,384","7,487","7,589","8,050","8,345","9,559","8,597","9,461","8,560","10,029","6,881","8,062","7,410","8,913","10,840","11,807","8,646","9,855","6,428","4,939"
9,"13,978","15,289","12,610","8,719","23,088","26,573","24,537","13,033","19,289","21,802","21,163","11,859","26,836","30,491","30,032","14,278","10,411","12,156","7,947","5,483","11,003","13,656","10,758","12,352","9,106","10,610","8,901","10,178","11,040","12,412","12,155","13,314", - , - , - , - ,"17,692","19,016","21,142","9,742", - , - ,"14,963","15,421","19,426","7,510","7,610","8,088","8,397","9,620","8,646","9,548","8,555","10,022","6,895","8,072","7,448","8,969","10,841","11,809","8,667","9,885","6,429","4,948"
10,"14,052","15,388","12,626","8,752","23,205","26,752","24,559","13,070","19,344","21,885","21,183","11,885","27,015","30,749","30,058","14,326","10,464","12,229","7,958","5,502","11,001","13,648","10,893","12,539","9,144","10,662","8,944","10,237","11,148","12,563","12,185","13,344", - , - , - , - ,"17,791","19,146","21,172","9,779", - , - ,"15,061","15,533","19,473","7,559","7,633","8,128","8,452","9,698","8,726","9,695","8,548","10,011","6,911","8,090","7,518","9,071","10,866","11,837","8,702","9,938","6,430","4,969"
11,"14,121","15,479","12,657","8,769","23,345","26,940","24,677","13,103","19,390","21,948","21,210","11,909","27,248","31,041","30,325","14,370","10,512","12,297","7,971","5,511","11,016","13,668","10,991","12,677","9,177","10,712","8,974","10,276","11,248","12,700","12,222","13,385", - , - , - , - ,"17,878","19,259","21,237","9,798", - , - ,"15,113","15,606","19,484","7,564","7,660","8,154","8,499","9,775","8,846","9,893","8,559","10,028","6,925","8,103","7,567","9,145","10,909","11,887","8,747","10,001","6,433","4,977"
12,"14,156","15,526","12,662","8,781","23,414","27,043","24,693","13,131","19,407","21,973","21,219","11,917","27,368","31,206","30,351","14,417","10,539","12,335","7,977","5,514","11,009","13,657","11,064","12,778","9,184","10,721","9,004","10,317","11,337","12,828","12,224","13,378", - , - , - , - ,"17,917","19,310","21,249","9,811", - , - ,"15,131","15,630","19,493","7,564","7,670","8,162","8,518","9,813","8,911","10,012","8,565","10,040","6,916","8,092","7,627","9,232","10,930","11,908","8,774","10,040","6,430","4,992"
'13.1,"14,195","15,579","12,670","8,796","23,490","27,156","24,716","13,154","19,437","22,006","21,254","11,934","27,490","31,386","30,356","14,447","10,566","12,371","7,985","5,522","11,011","13,657","11,131","12,868","9,198","10,744","9,027","10,347","11,392","12,905","12,236","13,388", - , - , - , - ,"17,962","19,371","21,260","9,828", - , - ,"15,156","15,660","19,491","7,579","7,688","8,183","8,572","9,886","8,981","10,127","8,573","10,051","6,921","8,096","7,680","9,311","10,970","11,956","8,810","10,091","6,434","4,998"
2,"14,245","15,650","12,678","8,808","23,583","27,305","24,735","13,165","19,485","22,088","21,263","11,946","27,627","31,589","30,390","14,457","10,601","12,421","7,991","5,531","11,021","13,670","11,201","12,961","9,228","10,790","9,058","10,389","11,454","12,994","12,260","13,417", - , - , - , - ,"18,024","19,457","21,276","9,839", - , - ,"15,196","15,709","19,505","7,595","7,735","8,241","8,642","9,983","9,025","10,206","8,564","10,038","6,927","8,105","7,727","9,382","11,032","12,039","8,847","10,147","6,434","5,008"
3,"14,323","15,747","12,723","8,840","23,727","27,469","24,915","13,229","19,585","22,238","21,298","11,994","27,815","31,764","30,805","14,538","10,657","12,499","8,005","5,539","11,049","13,707","11,309","13,112","9,269","10,857","9,096","10,435","11,554","13,130","12,294","13,462", - , - , - , - ,"18,125","19,578","21,373","9,876", - , - ,"15,274","15,811","19,519","7,613","7,773","8,285","8,668","10,010","9,085","10,298","8,616","10,117","6,932","8,108","7,775","9,448","11,078","12,111","8,889","10,207","6,440","5,027"
4,"14,409","15,978","12,495","9,195","23,083","27,113","25,010","13,269","19,428","22,363","21,565","12,259","26,678","31,098","30,446","14,324","11,117","12,982","8,401","6,035","11,645","14,314","11,913","13,781","9,561","11,169","9,757","11,121","11,840","13,476","12,867","14,034","11,577","13,470","7,968","6,626","17,715","19,293","21,082","10,125","8,608","11,372","15,276","16,053","18,495","8,054","8,067","8,768","8,865","9,974","9,693","11,176","8,555","10,166","6,613","7,912","8,060","9,908","11,401","12,411","9,111","10,549","6,689","5,314"
5,"14,438","16,019","12,508","9,194","23,132","27,181","25,073","13,266","19,467","22,424","21,646","12,228","26,735","31,173","30,480","14,350","11,139","13,013","8,414","6,031","11,657","14,333","11,971","13,846","9,583","11,216","9,730","11,085","11,876","13,522","12,896","14,067","11,599","13,497","7,981","6,643","17,751","19,346","21,108","10,118","8,609","11,374","15,306","16,096","18,481","8,051","8,077","8,774","8,924","10,046","9,702","11,216","8,555","10,168","6,609","7,904","8,093","9,947","11,431","12,449","9,130","10,578","6,687","5,339"
6,"14,484","16,077","12,521","9,213","23,202","27,286","25,097","13,292","19,508","22,486","21,671","12,239","26,835","31,313","30,501","14,392","11,174","13,051","8,442","6,058","11,685","14,352","12,010","13,898","9,608","11,258","9,748","11,104","11,933","13,602","12,963","14,087","11,637","13,534","8,011","6,699","17,807","19,422","21,123","10,132","8,611","11,378","15,358","16,161","18,484","8,058","8,083","8,785","8,953","10,086","9,744","11,291","8,556","10,171","6,615","7,907","8,163","10,057","11,458","12,466","9,157","10,614","6,685","5,343"
7,"14,558","16,160","12,564","9,269","23,350","27,481","25,192","13,370","19,624","22,651","21,738","12,298","27,015","31,535","30,641","14,491","11,207","13,089","8,470","6,074","11,710","14,381","12,051","13,945","9,652","11,330","9,757","11,114","11,952","13,617","13,031","14,131","11,667","13,564","8,047","6,720","17,912","19,544","21,189","10,194","8,721","11,600","15,442","16,247","18,540","8,124","8,130","8,845","9,002","10,151","9,785","11,351","8,629","10,228","6,633","7,928","8,250","10,163","11,475","12,457","9,203","10,660","6,709","5,407"
8,"14,673","16,290","12,659","9,331","23,583","27,757","25,471","13,484","19,827","22,878","22,055","12,371","27,278","31,851","30,863","14,646","11,266","13,146","8,565","6,095","11,707","14,365","12,099","13,998","9,732","11,446","9,825","11,202","12,034","13,694","13,225","14,191","11,720","13,605","8,148","6,748","18,087","19,750","21,346","10,267","8,756","11,670","15,592","16,428","18,573","8,168","8,175","8,892","9,007","10,157","9,801","11,364","8,648","10,248","6,641","7,940","8,279","10,209","11,541","12,548","9,234","10,703","6,731","5,428"
9,"14,845","16,513","12,719","9,405","23,892","28,201","25,622","13,594","20,068","23,231","22,170","12,488","27,652","32,371","31,070","14,750","11,324","13,217","8,598","6,125","11,716","14,370","12,197","14,105","9,842","11,607","9,846","11,228","12,095","13,776","13,254","14,201","11,762","13,652","8,182","6,781","18,372","20,121","21,484","10,354","8,852","11,863","15,909","16,801","18,722","8,253","8,219","8,932","9,045","10,215","9,821","11,420","8,667","10,277","6,644","7,944","8,341","10,301","11,582","12,598","9,267","10,753","6,724","5,458"
10,"15,033","16,757","12,789","9,476","24,224","28,675","25,818","13,706","20,333","23,643","22,329","12,548","28,051","32,897","31,322","14,917","11,400","13,320","8,628","6,141","11,750","14,418","12,343","14,288","9,950","11,774","9,880","11,269","12,172","13,871","13,275","14,219","11,829","13,736","8,214","6,800","18,664","20,507","21,608","10,440","8,920","11,964","16,217","17,179","18,785","8,341","8,291","9,006","9,090","10,263","9,925","11,538","8,731","10,324","6,659","7,958","8,457","10,470","11,612","12,648","9,328","10,825","6,767","5,484"
11,"15,166","16,935","12,823","9,520","24,429","28,987","25,878","13,767","20,475","23,874","22,358","12,602","28,318","33,278","31,432","14,985","11,472","13,420","8,641","6,155","11,748","14,418","12,505","14,498","10,072","11,965","9,879","11,267","12,250","13,979","13,335","14,297","11,885","13,812","8,227","6,820","18,858","20,774","21,664","10,491","9,037","12,196","16,424","17,435","18,847","8,398","8,368","9,101","9,125","10,330","10,031","11,663","8,777","10,379","6,683","7,985","8,569","10,630","11,642","12,675","9,387","10,899","6,792","5,503"
12,"15,297","17,117","12,856","9,551","24,662","29,368","25,912","13,801","20,600","24,082","22,406","12,621","28,657","33,804","31,444","15,034","11,558","13,534","8,681","6,178","11,809","14,490","12,663","14,702","10,131","12,048","9,990","11,411","12,337","14,097","13,380","14,345","11,980","13,934","8,267","6,849","19,031","21,021","21,694","10,521","9,297","12,302","16,575","17,632","18,870","8,430","8,425","9,175","9,197","10,440","10,163","11,869","8,771","10,383","6,742","8,005","8,703","10,823","11,682","12,706","9,455","10,983","6,823","5,543"
'14.1,"15,425","17,276","12,928","9,599","24,867","29,675","25,966","13,878","20,746","24,310","22,435","12,693","28,919","34,176","31,536","15,116","11,601","13,586","8,699","6,210","11,828","14,512","12,736","14,792","10,192","12,125","10,025","11,456","12,376","14,144","13,404","14,359","12,018","13,980","8,287","6,873","19,222","21,266","21,812","10,577","9,444","12,597","16,793","17,876","19,092","8,464","8,460","9,226","9,297","10,572","10,283","12,063","8,780","10,395","6,742","8,005","8,892","10,918","11,712","12,751","9,523","11,058","6,886","5,570"
2,"15,547","17,431","12,979","9,651","25,109","30,025","26,066","13,974","20,931","24,593","22,484","12,790","29,218","34,583","31,719","15,211","11,664","13,670","8,718","6,230","11,861","14,557","12,824","14,910","10,309","12,304","10,077","11,523","12,410","14,177","13,406","14,342","12,065","14,039","8,306","6,897","19,406","21,503","21,928","10,638","9,477","12,663","16,943","18,052","19,248","8,497","8,508","9,283","9,385","10,683","10,363","12,199","8,803","10,430","6,745","7,995","8,948","11,003","11,763","12,784","9,572","11,120","6,892","5,585"
3,"15,671","17,596","13,017","9,704","25,303","30,300","26,120","14,079","21,103","24,860","22,537","12,865","29,434","34,864","31,773","15,347","11,751","13,789","8,742","6,252","11,895","14,605","12,943","15,064","10,488","12,570","10,131","11,588","12,425","14,200","13,485","14,444","12,124","14,117","8,326","6,913","19,586","21,747","21,970","10,707","9,200","12,104","17,111","18,271","19,273","8,534","8,548","9,341","9,433","10,759","10,454","12,318","8,819","10,455","6,748","7,991","9,061","11,179","11,840","12,845","9,626","11,186","6,941","5,562"
4,"15,782","17,738","13,066","9,749","25,454","30,515","26,188","14,141","21,262","25,097","22,603","12,941","29,577","35,062","31,845","15,395","11,868","13,934","8,812","6,305","11,957","14,663","13,172","15,352","10,662","12,809","10,226","11,710","12,418","14,182","13,584","14,571","12,225","14,238","8,397","6,952","19,722","21,926","22,020","10,754","9,119","11,942","17,223","18,412","19,299","8,551","8,570","9,371","9,481","10,825","10,583","12,427","8,837","10,477","6,752","7,991","9,114","11,256","11,948","12,977","9,685","11,258","6,970","5,591"
5,"15,825","17,791","13,091","9,778","25,501","30,557","26,264","14,183","21,301","25,157","22,671","12,920","29,632","35,088","31,933","15,503","11,916","13,995","8,833","6,330","11,990","14,704","13,309","15,525","10,689","12,847","10,265","11,759","12,412","14,168","13,626","14,618","12,279","14,304","8,419","6,988","19,768","21,980","22,065","10,785","8,974","11,652","17,273","18,478","19,315","8,573","8,578","9,374","9,535","10,891","10,606","12,460","8,839","10,482","6,752","7,986","9,143","11,301","11,985","13,045","9,706","11,291","6,976","5,596"
6,"15,889","17,869","13,149","9,801","25,559","30,635","26,324","14,195","21,387","25,266","22,779","12,946","29,662","35,140","31,919","15,500","12,012","14,117","8,878","6,372","12,060","14,768","13,471","15,736","10,768","12,962","10,487","12,047","12,415","14,171","13,649","14,633","12,380","14,428","8,465","7,051","19,820","22,049","22,128","10,797","8,745","11,191","17,311","18,530","19,389","8,586","8,646","9,457","9,589","10,962","10,657","12,535","8,853","10,503","6,768","8,004","9,245","11,376","12,075","13,109","9,758","11,343","7,036","5,638"
7,"15,937","17,920","13,203","9,831","25,634","30,715","26,464","14,221","21,445","25,349","22,832","12,957","29,754","35,217","32,196","15,542","12,052","14,152","8,946","6,393","12,101","14,795","13,541","15,805","10,823","13,040","10,461","12,008","12,413","14,167","13,728","14,682","12,415","14,451","8,540","7,077","19,878","22,111","22,204","10,830","8,621","10,943","17,356","18,577","19,401","8,634","8,668","9,479","9,758","11,145","10,716","12,608","8,859","10,512","6,775","8,007","9,280","11,430","12,087","13,166","9,795","11,396","7,050","5,655"
8,"15,994","17,985","13,247","9,869","25,753","30,852","26,608","14,285","21,533","25,469","22,873","13,019","29,903","35,370","32,503","15,608","12,096","14,201","8,983","6,425","12,120","14,817","13,601","15,860","10,902","13,138","10,537","12,091","12,403","14,154","13,754","14,713","12,449","14,487","8,577","7,092","19,956","22,201","22,285","10,874","8,404","10,509","17,395","18,633","19,416","8,649","8,685","9,493","9,847","11,254","10,768","12,684","8,852","10,503","6,769","7,992","9,364","11,556","12,097","13,178","9,824","11,432","7,059","5,676"
9,"16,111","18,135","13,296","9,916","25,939","31,115","26,713","14,356","21,695","25,691","22,969","13,116","30,113","35,667","32,622","15,652","12,204","14,346","9,021","6,453","12,194","14,927","13,793","16,100","11,012","13,291","10,717","12,321","12,390","14,135","13,844","14,831","12,556","14,630","8,610","7,121","20,106","22,394","22,370","10,928","8,328","10,484","17,526","18,790","19,476","8,690","8,675","9,499","9,885","11,306","10,843","12,799","8,850","10,496","6,778","8,007","9,430","11,630","12,158","13,247","9,864","11,482","7,080","5,703"
10,"16,221","18,269","13,362","9,972","26,109","31,341","26,848","14,425","21,838","25,902","23,037","13,182","30,309","35,905","32,861","15,725","12,298","14,459","9,090","6,490","12,316","15,055","13,984","16,352","11,072","13,374","10,772","12,391","12,426","14,175","13,846","14,830","12,660","14,751","8,684","7,173","20,245","22,569","22,459","10,986","8,331","10,490","17,660","18,952","19,524","8,752","8,678","9,506","9,956","11,393","10,903","12,864","8,858","10,498","6,817","8,005","9,507","11,729","12,204","13,302","9,909","11,531","7,115","5,740"
11,"16,326","18,404","13,398","10,015","26,270","31,576","26,931","14,476","21,961","26,065","23,136","13,245","30,508","36,200","32,918","15,763","12,383","14,569","9,131","6,519","12,352","15,097","14,220","16,643","11,154","13,493","10,848","12,480","12,432","14,182","13,881","14,888","12,746","14,859","8,722","7,218","20,383","22,753","22,514","11,030","8,310","10,497","17,794","19,118","19,545","8,803","8,628","9,449","10,015","11,471","10,926","12,904","8,868","10,495","6,825","8,006","9,602","11,863","12,256","13,364","9,945","11,575","7,128","5,766"
12,"16,449","18,563","13,430","10,081","26,478","31,864","26,998","14,597","22,074","26,209","23,174","13,350","30,810","36,608","33,033","15,900","12,452","14,657","9,162","6,553","12,391","15,158","14,406","16,860","11,219","13,577","10,904","12,550","12,430","14,180","13,920","14,939","12,817","14,948","8,746","7,265","20,559","22,982","22,567","11,105","8,366","10,611","17,973","19,342","19,573","8,843","8,622","9,447","10,046","11,525","10,972","12,962","8,876","10,505","6,861","7,999","9,753","12,090","12,300","13,422","9,994","11,638","7,144","5,787"
'15.1,"16,560","18,705","13,453","10,145","26,672","32,135","27,049","14,711","22,216","26,410","23,203","13,463","31,054","36,938","33,118","16,015","12,562","14,805","9,196","6,584","12,465","15,268","14,668","17,192","11,294","13,685","11,062","12,744","12,439","14,190","13,963","15,005","12,937","15,107","8,785","7,298","20,706","23,168","22,606","11,180","8,375","10,629","18,099","19,491","19,606","8,884","8,636","9,456","10,061","11,548","11,010","12,970","8,881","10,507","6,874","8,021","9,718","12,034","12,280","13,453","9,999","11,648","7,136","5,803"
2,"16,720","18,916","13,503","10,199","27,001","32,631","27,187","14,793","22,398","26,684","23,291","13,535","31,527","37,622","33,333","16,107","12,667","14,946","9,227","6,623","12,531","15,353","14,891","17,471","11,441","13,905","11,146","12,850","12,440","14,196","13,989","15,045","13,030","15,226","8,816","7,350","20,941","23,486","22,697","11,240","8,497","10,874","18,276","19,715","19,655","8,931","8,670","9,515","10,106","11,582","11,020","12,978","8,889","10,517","6,917","8,079","9,791","12,140","12,316","13,498","10,042","11,700","7,156","5,816"
3,"16,920","19,185","13,539","10,291","27,401","33,228","27,306","14,941","22,685","27,098","23,439","13,677","32,039","38,371","33,406","16,262","12,816","15,151","9,257","6,667","12,597","15,449","15,303","17,998","11,596","14,128","11,298","13,032","12,446","14,201","13,986","15,132","13,177","15,427","8,845","7,393","21,225","23,864","22,793","11,345","8,708","11,294","18,492","19,987","19,736","9,004","8,726","9,579","10,127","11,607","11,052","13,007","8,914","10,550","6,922","8,087","9,790","12,313","12,409","13,589","10,086","11,771","7,130","5,876"
4,"17,113","19,431","13,638","10,367","27,726","33,696","27,516","15,029","22,929","27,410","23,719","13,768","32,444","38,970","33,507","16,348","12,958","15,324","9,355","6,720","12,677","15,557","15,630","18,326","11,751","14,364","11,441","13,211","12,455","14,213","14,048","15,207","13,314","15,583","8,952","7,467","21,490","24,215","22,960","11,420","8,717","11,318","18,735","20,287","19,886","9,084","8,756","9,634","10,152","11,626","11,068","13,023","8,924","10,565","6,935","8,099","9,902","12,496","12,565","13,772","10,156","11,857","7,146","5,961"
5,"17,256","19,610","13,695","10,451","28,032","34,111","27,641","15,209","23,138","27,688","23,816","13,921","32,846","39,501","33,676","16,555","13,041","15,437","9,386","6,738","12,743","15,653","15,754","18,478","11,862","14,529","11,575","13,375","12,459","14,220","14,057","15,219","13,390","15,681","8,980","7,493","21,704","24,488","23,065","11,520","8,719","11,321","18,898","20,492","19,977","9,118","8,864","9,684","10,165","11,626","11,072","13,036","8,973","10,611","6,928","8,100","9,935","12,545","12,599","13,818","10,192","11,895","7,174","6,006"
6,"17,446","19,868","13,733","10,520","28,390","34,649","27,737","15,338","23,407","28,106","23,852","14,073","33,291","40,139","33,867","16,660","13,170","15,614","9,422","6,763","12,855","15,813","15,917","18,671","12,032","14,800","11,752","13,600","12,457","14,218","14,160","15,357","13,506","15,833","9,020","7,536","21,985","24,874","23,113","11,600","8,791","11,466","19,141","20,805","19,977","9,166","9,032","9,901","10,187","11,650","11,044","13,006","9,019","10,658","6,966","8,124","9,991","12,631","12,634","13,881","10,232","11,953","7,199","6,014"
7,"17,645","20,120","13,822","10,608","28,788","35,208","27,972","15,485","23,721","28,526","24,082","14,245","33,770","40,815","34,110","16,781","13,290","15,767","9,487","6,804","12,901","15,887","16,150","18,985","12,191","15,029","11,863","13,733","12,473","14,226","14,328","15,431","13,615","15,966","9,086","7,576","22,284","25,259","23,271","11,706","8,777","11,439","19,394","21,112","20,066","9,246","9,078","9,914","10,231","11,701","11,073","13,046","9,042","10,687","6,977","8,153","10,063","12,742","12,677","13,949","10,277","12,009","7,230","6,023"
8,"17,819","20,350","13,871","10,674","29,168","35,763","28,144","15,617","23,982","28,895","24,239","14,373","34,269","41,526","34,305","16,918","13,409","15,938","9,490","6,835","13,000","16,030","16,338","19,229","12,379","15,314","11,992","13,893","12,493","14,240","14,286","15,489","13,714","16,107","9,082","7,616","22,544","25,605","23,363","11,783","8,777","11,439","19,567","21,335","20,068","9,273","9,173","10,009","10,291","11,715","11,056","13,039","9,048","10,695","7,025","8,223","10,093","12,762","12,723","14,015","10,313","12,048","7,275","6,035"
9,"18,056","20,669","13,935","10,743","29,599","36,420","28,306","15,724","24,307","29,438","24,361","14,425","34,804","42,278","34,531","17,081","13,551","16,126","9,547","6,878","13,109","16,160","16,436","19,348","12,632","15,701","12,082","13,986","12,577","14,355","14,489","15,766","13,823","16,240","9,141","7,666","22,912","26,114","23,455","11,861","8,774","11,433","19,910","21,775","20,088","9,333","9,374","10,111","10,318","11,739","11,062","13,054","9,075","10,736","7,048","8,244","10,162","12,868","12,757","14,089","10,359","12,105","7,313","6,059"
10,"18,241","20,899","14,022","10,837","29,933","36,861","28,577","15,864","24,563","29,803","24,498","14,559","35,214","42,783","35,013","17,228","13,703","16,324","9,624","6,915","13,247","16,345","16,695","19,680","12,795","15,937","12,194","14,099","12,628","14,410","14,611","15,947","13,972","16,428","9,222","7,701","23,175","26,443","23,613","11,976","8,774","11,433","20,140","22,052","20,134","9,448","9,448","10,197","10,337","11,757","11,077","13,074","9,086","10,749","7,070","8,275","10,191","12,901","12,786","14,114","10,385","12,135","7,326","6,070"
11,"18,454","21,179","14,101","10,904","30,349","37,471","28,841","15,957","24,884","30,242","24,805","14,663","35,724","43,537","35,209","17,308","13,835","16,511","9,644","6,938","13,390","16,568","16,774","19,780","13,014","16,276","12,262","14,179","12,683","14,485","14,793","16,194","14,078","16,575","9,239","7,730","23,492","26,868","23,765","12,052","8,908","11,696","20,397","22,376","20,175","9,532","9,527","10,270","10,361","11,779","11,110","13,111","9,139","10,789","7,144","8,410","10,239","12,967","12,824","14,194","10,448","12,206","7,375","6,121"
12,"18,579","21,343","14,148","10,952","30,569","37,800","28,894","16,044","25,068","30,547","24,816","14,738","35,980","43,886","35,328","17,408","13,916","16,615","9,688","6,960","13,494","16,702","16,860","19,898","13,097","16,397","12,306","14,209","12,743","14,566","14,860","16,285","14,159","16,674","9,288","7,749","23,664","27,109","23,791","12,103","8,980","11,839","20,550","22,587","20,174","9,542","9,563","10,315","10,381","11,797","11,120","13,127","9,188","10,797","7,163","8,439","10,243","12,973","12,881","14,263","10,505","12,250","7,443","6,202"
'16.1,"19,731","22,386","15,012","11,381","32,037","39,741","29,484","16,565","26,295","32,064","25,592","15,341","37,718","46,277","35,625","17,845","15,332","18,144","10,661","7,369","14,441","17,593","18,400","21,523","14,515","18,097","14,688","16,730","13,958","15,805","16,389","17,955","15,574","18,157","10,351","8,128","24,833","28,414","24,230","12,576","11,751","14,467","21,616","23,742","20,471","9,962","10,509","11,511","11,119","12,451","12,663","14,374","11,205","12,916","9,035","10,559","11,490","13,451","14,115","15,287","11,913","13,544","8,816","6,344"
2,"19,845","22,521","15,085","11,442","32,267","39,996","29,758","16,710","26,512","32,295","25,890","15,471","37,960","46,553","35,862","18,006","15,412","18,249","10,700","7,380","14,547","17,747","18,414","21,543","14,644","18,270","14,723","16,762","14,026","15,882","16,479","18,083","15,640","18,243","10,380","8,122","24,997","28,609","24,383","12,655","12,110","14,994","21,733","23,903","20,485","9,972","10,651","11,708","11,136","12,471","12,658","14,368","11,221","12,929","9,087","10,621","11,476","13,429","14,169","15,350","11,960","13,601","8,839","6,365"
3,"19,949","22,647","15,135","11,497","32,451","40,244","29,858","16,807","26,747","32,619","26,035","15,594","38,094","46,735","35,889","18,074","15,493","18,350","10,747","7,405","14,681","17,923","18,386","21,503","14,783","18,454","14,749","16,782","14,096","15,965","16,569","18,219","15,703","18,321","10,425","8,120","25,141","28,785","24,463","12,724","12,797","16,009","21,845","24,034","20,545","10,008","10,723","11,806","11,170","12,515","12,672","14,429","11,225","12,934","9,113","10,654","11,473","13,419","14,229","15,411","12,011","13,664","8,858","6,399"
4,"20,032","22,738","15,193","11,563","32,596","40,408","30,005","16,905","26,934","32,844","26,235","15,695","38,197","46,849","35,954","18,170","15,564","18,426","10,804","7,468","14,821","18,107","18,348","21,442","14,879","18,539","14,775","16,793","14,147","16,035","16,692","18,371","15,767","18,395","10,476","8,138","25,256","28,913","24,574","12,803","12,914","16,185","21,939","24,147","20,615","10,038","10,807","11,898","11,187","12,527","12,680","14,440","11,239","12,954","9,146","10,705","11,450","13,386","14,269","15,433","12,037","13,693","8,865","6,444"
5,"20,136","22,866","15,237","11,617","32,788","40,676","30,140","16,965","27,164","33,175","26,403","15,770","38,351","47,062","36,037","18,215","15,619","18,495","10,835","7,514","14,960","18,312","18,245","21,296","14,977","18,651","14,809","16,833","14,196","16,096","16,753","18,463","15,810","18,452","10,506","8,152","25,409","29,100","24,666","12,871","13,083","16,437","22,074","24,303","20,666","10,109","11,041","12,203","11,251","12,610","12,709","14,468","11,277","13,001","9,196","10,773","11,431","13,380","14,327","15,482","12,092","13,763","8,870","6,442"
6,"20,228","22,963","15,319","11,670","32,999","40,945","30,344","17,054","27,398","33,473","26,635","15,879","38,540","47,307","36,195","18,282","15,679","18,566","10,882","7,527","15,051","18,437","18,218","21,251","15,077","18,788","14,872","16,904","14,275","16,162","16,759","18,478","15,857","18,506","10,551","8,157","25,549","29,254","24,843","12,929","13,133","16,510","22,164","24,388","20,837","10,141","11,078","12,246","11,253","12,613","12,728","14,479","11,293","13,023","9,239","10,835","11,378","13,310","14,364","15,519","12,115","13,782","8,879","6,537"
7,"20,328","23,063","15,403","11,765","33,196","41,157","30,570","17,198","27,635","33,732","26,917","16,039","38,697","47,479","36,334","18,409","15,733","18,628","10,907","7,576","15,167","18,590","18,116","21,099","15,211","18,951","14,940","16,988","14,316","16,219","16,739","18,468","15,887","18,540","10,569","8,175","25,713","29,423","25,015","13,049","13,212","16,627","22,308","24,531","20,966","10,245","11,137","12,295","11,267","12,622","12,712","14,454","11,315","13,043","9,277","10,866","11,356","13,273","14,374","15,534","12,138","13,797","8,921","6,543"
8,"20,409","23,139","15,501","11,828","33,315","41,271","30,774","17,279","27,852","33,973","27,209","16,156","38,720","47,485","36,399","18,453","15,799","18,698","10,962","7,639","15,264","18,714","18,065","21,023","15,333","19,075","15,018","17,049","14,415","16,346","16,761","18,500","15,938","18,596","10,611","8,206","25,822","29,525","25,213","13,122","13,530","17,101","22,404","24,620","21,166","10,293","11,287","12,463","11,323","12,637","12,729","14,422","11,319","13,048","9,306","10,888","11,347","13,263","14,419","15,575","12,185","13,839","8,954","6,562"
9,"20,494","23,219","15,610","11,899","33,494","41,444","31,045","17,414","28,091","34,173","27,605","16,358","38,839","47,635","36,474","18,519","15,844","18,740","11,016","7,680","15,357","18,809","18,028","20,965","15,414","19,163","15,042","17,077","14,450","16,391","16,770","18,518","15,971","18,626","10,656","8,234","25,944","29,647","25,382","13,211","13,655","17,286","22,489","24,718","21,222","10,333","11,477","12,632","11,362","12,659","12,773","14,455","11,367","13,085","9,320","10,907","11,349","13,306","14,433","15,582","12,237","13,881","9,050","6,557"
10,"20,639","23,376","15,741","11,978","33,747","41,712","31,454","17,541","28,432","34,515","28,191","16,520","39,005","47,840","36,602","18,608","15,961","18,889","11,058","7,742","15,560","19,065","18,043","20,977","15,605","19,430","15,094","17,141","14,540","16,514","16,774","18,529","16,067","18,743","10,699","8,299","26,155","29,878","25,669","13,298","13,664","17,299","22,670","24,918","21,420","10,379","11,651","12,829","11,398","12,673","12,788","14,447","11,386","13,108","9,374","10,973","11,325","13,286","14,478","15,620","12,277","13,916","9,086","6,584"
11,"20,763","23,520","15,822","12,030","33,936","41,947","31,649","17,624","28,617","34,707","28,449","16,639","39,197","48,111","36,699","18,653","16,076","19,037","11,123","7,755","15,741","19,311","18,057","20,992","15,710","19,577","15,241","17,275","14,704","16,736","16,814","18,596","16,185","18,890","10,761","8,311","26,311","30,066","25,787","13,361","13,712","17,370","22,813","25,087","21,453","10,437","11,847","13,055","11,417","12,687","12,780","14,437","11,445","13,157","9,419","11,024","11,311","13,272","14,510","15,653","12,326","13,959","9,140","6,603"
12,"20,825","23,592","15,862","12,068","34,030","42,051","31,739","17,699","28,685","34,783","28,515","16,695","39,317","48,240","36,827","18,749","16,137","19,109","11,179","7,759","15,848","19,446","18,093","21,012","15,750","19,632","15,281","17,323","14,786","16,848","16,838","18,629","16,252","18,968","10,820","8,317","26,386","30,152","25,850","13,408","13,694","17,344","22,880","25,168","21,487","10,466","11,955","13,188","11,406","12,694","12,743","14,381","11,474","13,187","9,487","11,115","11,321","13,325","14,554","15,689","12,353","13,995","9,142","6,618"
'17.1,"20,899","23,669","15,927","12,107","34,129","42,153","31,857","17,782","28,745","34,825","28,665","16,722","39,457","48,392","36,895","18,890","16,224","19,218","11,242","7,762","16,022","19,655","18,097","21,014","15,839","19,762","15,295","17,342","14,873","16,967","16,926","18,746","16,338","19,071","10,885","8,318","26,477","30,248","25,969","13,460","13,666","17,301","22,966","25,252","21,626","10,496","12,080","13,331","11,417","12,708","12,726","14,355","11,483","13,196","9,516","11,166","11,310","13,302","14,566","15,667","12,369","14,004","9,147","6,615"
2,"20,945","23,719","15,969","12,125","34,168","42,204","31,895","17,795","28,773","34,867","28,692","16,727","39,505","48,451","36,949","18,911","16,274","19,287","11,251","7,770","16,104","19,771","18,105","21,032","15,910","19,866","15,307","17,354","14,928","17,042","16,955","18,782","16,381","19,130","10,891","8,325","26,533","30,308","26,039","13,480","13,367","16,857","23,030","25,308","21,745","10,533","12,166","13,454","11,420","12,713","12,685","14,304","11,529","13,254","9,649","11,345","11,298","13,274","14,639","15,680","12,397","14,023","9,189","6,626"
3,"21,001","23,775","16,021","12,172","34,252","42,302","31,977","17,850","28,845","34,926","28,806","16,792","39,601","48,581","36,981","18,955","16,331","19,349","11,315","7,810","16,210","19,871","18,119","21,051","15,938","19,903","15,393","17,459","14,958","17,081","17,036","18,855","16,448","19,199","10,958","8,397","26,600","30,381","26,111","13,526","12,969","16,265","23,094","25,373","21,811","10,588","12,240","13,541","11,434","12,734","12,678","14,292","11,574","13,298","9,715","11,438","11,288","13,245","14,669","15,683","12,412","14,029","9,208","6,642"
4,"21,043","23,813","16,068","12,214","34,371","42,439","32,126","17,907","28,925","35,012","28,878","16,866","39,758","48,763","37,252","18,996","16,375","19,397","11,361","7,825","16,279","19,951","18,156","21,083","15,984","19,967","15,423","17,492","14,964","17,090","17,086","18,888","16,491","19,243","11,009","8,413","26,663","30,446","26,168","13,577","12,126","15,012","23,115","25,394","21,767","10,647","12,372","13,634","11,443","12,744","12,592","14,187","11,599","13,333","9,732","11,456","11,327","13,283","14,668","15,658","12,402","14,002","9,241","6,648"
5,"21,084","23,856","16,102","12,240","34,498","42,619","32,214","17,946","29,004","35,098","28,994","16,906","39,934","49,022","37,295","19,032","16,394","19,419","11,378","7,828","16,315","20,006","18,142","21,062","16,043","20,042","15,440","17,507","14,918","17,027","17,099","18,910","16,498","19,250","11,017","8,409","26,744","30,542","26,241","13,608","11,573","14,192","23,163","25,442","21,819","10,678","12,445","13,686","11,437","12,736","12,564","14,141","11,628","13,363","9,756","11,484","11,303","13,246","14,607","15,576","12,382","13,962","9,253","6,684"
6,"21,144","23,914","16,150","12,291","34,706","42,869","32,408","18,065","29,140","35,250","29,176","16,975","40,212","49,356","37,507","19,205","16,428","19,454","11,415","7,845","16,372","20,048","18,126","21,060","16,105","20,133","15,469","17,539","14,916","17,025","17,157","18,926","16,524","19,271","11,053","8,442","26,853","30,665","26,346","13,669","11,411","13,951","23,200","25,491","21,831","10,687","12,462","13,709","11,442","12,738","12,559","14,134","11,644","13,376","9,806","11,546","11,291","13,236","14,500","15,413","12,360","13,921","9,250","6,681"
7,"21,199","23,969","16,194","12,337","34,898","43,128","32,551","18,139","29,266","35,413","29,257","17,060","40,469","49,697","37,747","19,267","16,449","19,472","11,447","7,863","16,386","20,066","18,137","21,072","16,137","20,176","15,485","17,555","14,938","17,050","17,190","18,893","16,541","19,282","11,086","8,465","26,955","30,782","26,428","13,722","11,397","13,930","23,243","25,537","21,853","10,732","12,486","13,741","11,441","12,736","12,554","14,111","11,665","13,385","9,898","11,666","11,277","13,223","14,377","15,238","12,346","13,884","9,260","6,692"
8,"21,252","24,032","16,211","12,370","35,077","43,409","32,602","18,173","29,361","35,561","29,326","17,070","40,732","50,090","37,771","19,326","16,479","19,506","11,458","7,904","16,410","20,083","18,198","21,157","16,195","20,235","15,506","17,582","14,943","17,056","17,151","18,848","16,564","19,309","11,096","8,487","27,051","30,908","26,464","13,757","11,377","13,901","23,279","25,582","21,875","10,752","12,504","13,772","11,444","12,740","12,544","14,095","11,675","13,392","9,941","11,710","11,226","13,134","14,278","15,113","12,326","13,844","9,262","6,741"
9,"21,284","24,063","16,232","12,396","35,149","43,494","32,670","18,218","29,443","35,671","29,395","17,104","40,795","50,154","37,837","19,383","16,508","19,542","11,471","7,920","16,435","20,112","18,224","21,190","16,223","20,265","15,557","17,645","14,974","17,099","17,167","18,870","16,593","19,346","11,109","8,491","27,101","30,963","26,501","13,790","11,384","13,911","23,315","25,624","21,879","10,773","12,533","13,854","11,444","12,739","12,514","14,053","11,695","13,403","9,946","11,717","11,200","13,098","14,223","15,014","12,314","13,819","9,273","6,731"
10,"21,316","24,097","16,251","12,421","35,246","43,629","32,698","18,270","29,517","35,788","29,412","17,134","40,914","50,305","37,885","19,457","16,538","19,573","11,502","7,936","16,434","20,101","18,313","21,309","16,255","20,296","15,600","17,679","15,008","17,126","17,127","18,837","16,621","19,377","11,138","8,496","27,151","31,023","26,524","13,823","11,620","14,261","23,331","25,644","21,890","10,780","12,576","13,902","11,440","12,728","12,491","14,025","11,709","13,415","9,976","11,733","11,196","13,083","14,135","14,909","12,305","13,798","9,280","6,728"
11,"21,366","24,157","16,276","12,438","35,453","43,943","32,769","18,323","29,612","35,948","29,474","17,122","41,231","50,749","37,967","19,578","16,563","19,602","11,534","7,935","16,441","20,099","18,347","21,349","16,276","20,323","15,724","17,836","15,048","17,163","17,043","18,724","16,648","19,406","11,167","8,497","27,239","31,135","26,570","13,846","11,689","14,363","23,333","25,649","21,904","10,772","12,580","13,910","11,437","12,721","12,453","13,971","11,730","13,439","10,066","11,854","11,179","13,063","14,046","14,802","12,292","13,776","9,278","6,718"
12,"21,396","24,179","16,316","12,474","35,572","44,076","32,888","18,410","29,676","36,008","29,597","17,154","41,404","50,946","38,081","19,722","16,573","19,609","11,569","7,935","16,448","20,100","18,376","21,383","16,280","20,312","15,750","17,866","15,085","17,215","16,979","18,639","16,660","19,419","11,187","8,506","27,292","31,177","26,669","13,891","11,691","14,367","23,344","25,646","21,964","10,788","12,613","13,954","11,436","12,709","12,434","13,950","11,760","13,477","10,115","11,920","11,181","13,059","13,970","14,721","12,285","13,764","9,271","6,712"
'18.1,"21,453","24,245","16,326","12,511","35,815","44,456","32,931","18,471","29,756","36,127","29,596","17,214","41,808","51,547","38,194","19,786","16,575","19,606","11,583","7,944","16,440","20,071","18,404","21,423","16,258","20,270","15,783","17,904","15,165","17,323","16,867","18,496","16,669","19,427","11,202","8,509","27,396","31,307","26,685","13,941","11,708","14,392","23,365","25,660","21,951","10,838","12,616","13,992","11,466","12,738","12,413","13,924","11,775","13,498","10,150","11,961","11,182","13,053","13,923","14,635","12,281","13,750","9,271","6,695"
2,"21,479","24,270","16,348","12,530","35,931","44,613","33,020","18,516","29,834","36,224","29,696","17,237","41,964","51,755","38,265","19,853","16,573","19,597","11,593","7,962","16,425","20,044","18,434","21,431","16,238","20,244","15,808","17,935","15,183","17,349","16,814","18,425","16,672","19,422","11,211","8,557","27,445","31,361","26,730","13,959","11,678","14,348","23,374","25,668","21,950","10,834","12,628","14,007","11,469","12,727","12,407","13,916","11,787","13,504","10,161","11,973","11,175","13,043","13,891","14,608","12,276","13,742","9,277","6,674"
,,,,,,,,,,,,,,,,,,,,,,,,,,,,,,,,,,,,,,,,,,,,,,,,,,,,,,,,,,,,,,,,
,※ 2016년 1월부터 개편된 표본으로 조사되었으므로 자료활용 시에 참고하시기 바랍니다,,,,,,,,,,,,,,,,,,,,,,,,,,,,,,,,,,,,,,,,,,,,,,,,,,,,,,,,,,,,,,,
,,,,,,,,,,,,,,,,,,,,,,,,,,,,,,,,,,,,,,,,,,,,,,,,,,,,,,,,,,,,,,,,
,"수도권: 서울, 경기, 인천",,,,,,,,,,,,,,,,,,,,,,,,,,,,,,,,,,,,,,,,,,,,,,,,,,,,,,,,,,,,,,,
,"6개광역시: 부산, 대구, 인천, 광주, 대전, 울산",,,,,,,,,,,,,,,,,,,,,,,,,,,,,,,,,,,,,,,,,,,,,,,,,,,,,,,,,,,,,,,
,"5개광역시: 부산, 대구, 광주, 대전, 울산 (인천을 제외한 광역시)",,,,,,,,,,,,,,,,,,,,,,,,,,,,,,,,,,,,,,,,,,,,,,,,,,,,,,,,,,,,,,,
,기타지방: 수도권과 광역시를 제외한 지역,,,,,,,,,,,,,,,,,,,,,,,,,,,,,,,,,,,,,,,,,,,,,,,,,,,,,,,,,,,,,,,
